4c5fa8333b2c61850d5664b878df9493c7915066,SEDONA-419,Bug,100
f459b31bcc486f22a2f34e4f7ad0a6fe4325cca6,SEDONA-418,Task,100
d99ab70a1c8b25f58f3c770c2004771a71fde2f1,SEDONA-415,New Feature,100
60443f5ab4bc98713795b5ad9d078b8f36bb2c0a,SEDONA-417,Bug,100
d756a9ab870f043946147672158d3b2c9daf8935,SEDONA-413,New Feature,100
3412696a65cf646b88d15a536e08d392d80a8a9b,/,/,100
2f4f9ddb6f038938e25f3dbdcc948f6fd837d3b8,SEDONA-414,Bug,100
5bd0172a8865b162d93320d1229ec59f57a79088,SEDONA-411,New Feature,100
1b7be880b7e1631db594eabd858e8c81efb879d7,/,/,100
ce39b9d8138550a5d7557b13528f40d43c286c94,SEDONA-412,Test,100
ad9c09698d7e7cde9cc72cb511540cb603756a09,/,/,100
8ff2e4e74c0897623af0df832205bff1da89e00b,SEDONA-410,Test,100
bd864a9fd6b1a1341282f4a7995d8a37f61328cc,/,/,100
06e7d679ff979a4f052e0afe5df0b303bf8d70fb,/,/,100
d1ee421fddef0f37634f43503e8f5c1a75ff1cad,/,/,100
7ee22de364d4f518b9f7d74a1acacfe3aa2c736d,/,/,100
df32d2e7e5c0830d2a63c11d9a626966a6c0d027,/,/,100
89a200675dad54f80315325420730dc735391178,/,/,100
b4642f28e50de6ec2445f21d08ca37e376dc3aba,/,/,100
556af1681e46146bfbff90a98883b705b761da8e,SEDONA-408,Improvement,100
7d948bf5fda9b27cd5f0a358e418636ecb865b47,/,/,100
22ee91d7ebb0f62dbec38b465f014f3d4f00ab15,/,/,100
68e334f679f99f989c2345140029b4c9d2471404,SEDONA-406,New Feature,100
0ab5cd631d70750e3e41fb97967b35fbd0f4c41d,/,/,100
e23e98cfdaae6241adec975ca7c85e4dfddb789c,/,/,100
b135e8eb52d086815be6bbf75692c40c637247a7,SEDONA-404,New Feature,99.5478523
db07953021619b4bb3878fd212d34000e87d6b6d,SEDONA-405,Bug,100
16c79721437b6618a1a458970247f7dd1e42f5f7,/,/,100
66e3ddc64be3300be56e4d0ecbe3fb8833668637,SEDONA-403,Bug,100
5a3fe4c42c3d7c6f8a7ad10dec5f92cc3925d2c3,SEDONA-402,Bug,100
40bc1f91374f4cd3737a24fb9d49a5841928bfcd,SEDONA-401,Bug,100
49764b6751079963c7edf18bd09b927bd35b370d,/,/,100
2a0b36989aa895c0781f9a10c907dd726506d0b7,SEDONA-400,Improvement,100
0eae42576c2588fe278f75cef3b17fee600eac90,/,/,100
99239524f17389fc4ae9548ea88756f8ea538bb9,/,/,100
d5a396223195764d41877ce1a9d09f37815a136b,/,/,100
fbba349d444df16daaa7e6515a46567773f7b7fa,SEDONA-399,Improvement,99.62034928
bb48b994e18938057078132c19c6be52a7ad0704,SEDONA-398,New Feature,99.39117199
98060b40fe60bde9947ce198cad66e4b06a4a9e9,SEDONA-397,Task,100
fb20a843012378c0cd8360e3a5b97543177f6cad,SEDONA-386,Improvement,99.69535415
dad4d99734ded7d55e9bcaf08b1a3bc4e90741d0,SEDONA-396,New Feature,99.77081742
7220e1cbbdb2cffaba284fae35ae52d0ac2ea714,/,/,100
66ff9dcc559f7962c0138d73c1e3cb3233fda2f7,SEDONA-395,New Feature,100
e2baf5265844ecad1d7f30601921f99fdbbdf078,SEDONA-349,Task,100
4e2761d74c8018b8de10e1dd25f77b37482fc120,SEDONA-394,Bug,100
aa00f87f7c842e5feb5d8c99b707b0d7c32c4ec0,/,/,100
11286988d406d01c7ca8b19481d2eda81c53a98a,SEDONA-393,New Feature,100
645224242e1979e48a7c1d8f4d925769237e279c,SEDONA-391,New Feature,99.69535415
f35277c04e57247d8b01c5e321c91fad62981c09,SEDONA-392,Improvement,100
6fc96ba1b68bd08dcd52cc16f385fec4d29ece42,SEDONA-390,New Feature,100
deeb8287be5180d606d577b6f5f4a9818de2344d,SEDONA-386,Improvement,99.15966387
8ab6e91d84c3008d3aaf39ed6404cc5a6340e45a,SEDONA-388,New Feature,99.5388163
d58baa8a3354b3b727c1806cb46b751a62a28f39,SEDONA-389,Bug,100
483ad201e03746c3d7e3dab50e7722038c06cd37,SEDONA-387,New Feature,99.69278034
c71ebd4b0f6a80507d58dad93708d28878d39265,/,/,100
bd331f018795475347fc75b5c68b040682b8a20d,SEDONA-361,New Feature,100
649d750421d6297e75fe03595d7df7fd174af4d8,SEDONA-384,Task,87.69230769
3680718d15dcdd32d1d5cabf49ec3272797c27bd,SEDONA-385,Improvement,100
57f12b69cf30099733c037f31f9a0273287ae489,SEDONA-383,New Feature,99.46153846
dd6b58dadf443c8000f1fb9199ff43254799d5d0,/,/,100
6a69b494d0b35710b2c07b70dcb4f8c7e73c2525,/,/,100
ad16e38b641409aa8018d6db2da95d0f7628cc3a,SEDONA-382,Task,58.82789318
254aa04f95747ff29c42d6284d165a357b2a6332,SEDONA-381,Task,100
d7c22c0dc734496950f0421ef97aaa63a5f8b297,SEDONA-379,New Feature,100
d5ae944d6097565a707a6390a81a4f7b704d6315,SEDONA-379,New Feature,99.71305595
9327ffd3f6cfa43f713982cba321c3e1a3d81ed2,SEDONA-379,New Feature,99.7124371
10f87c4df9257cad997d51c02eb1e1b72ac7306e,SEDONA-371,New Feature,99.78370584
7ed65fe7197f7c75c7e6c679cf234d6b244a3881,SEDONA-286,New Feature,99.63924964
8e0c3cccb831a34c1502941b3d0db4e0ddee9ffd,SEDONA-377,Task,100
43c53707bd87221c9f8a1c925d6167d2322f105d,SEDONA-378,New Feature,100
976f52a78e66a4c04292409cd1abbc06d25696a6,SEDONA-376,New Feature,99.42070963
5f9ab0e92972bb4f9ad7d611d81593671ff5ee81,SEDONA-371,New Feature,100
8da5061b451ede6f4d505d6f3bb27f88754526d0,SEDONA-374,Improvement,99.78213508
3c71c2c88d460cabc59ae28060fd70bd94e994fc,SEDONA-375,New Feature,99.27272727
2827dc4ac69a00500dd2aba5299d4f85d7c55c5c,SEDONA-373,Bug,100
6c3d6e659c2a3e2da7a3cc526eb33545e79e160b,SEDONA-372,New Feature,99.12216533
d5405cc29e2ff8f27a8d2daa304a8b23c5fa4273,SEDONA-371,New Feature,100
61087435b704d2bae73f1583f9e17752c46d6f72,/,/,100
9c585f066e5a71652519ae8e8acca876090df9c0,SEDONA-370,Task,100
92fb141d8ab4fb5541622f1acbc865f2ce6792ef,SEDONA-368,New Feature,100
23b9f294763df7ad3a52ed240502949f1c6661ba,SEDONA-367,New Feature,100
0a8d07f216485dfb70225ea4c8fbec3cabc32cfe,SEDONA-366,New Feature,100
0c494f3d314c0ded2e324671102896a5e8546c83,SEDONA-358,Bug,99.26308032
32e04d7417141cd4d086c087a607658d6990b796,SEDONA-364,New Feature,99.85207101
212fa8a3dba4cf8a43607c2ad951e46e75eee60c,SEDONA-363,New Feature,100
4b0f1c07adebf82cf49d0607bee157dd531ec8a0,SEDONA-356,Task,99.85228951
b4665785494b77eea4b2e8a036de145af922c13c,SEDONA-365,Improvement,100
0794529eb052777fb15a0c81b5d5de2100aef6fa,SEDONA-361,New Feature,100
d2ee90f00781125825e4bdcc60c5d8e58a18dbab,SEDONA-357,New Feature,100
10b5fff0acaccc1ec5c8194e4c7ada46243e74b6,SEDONA-362,Bug,100
6e296a862be8e57c924363d0220d3217f1112e39,SEDONA-360,Improvement,98.97510981
679146447a58f1b81b56a51f67f2e280ce3ebff5,SEDONA-359,New Feature,100
4e45489f47d958456ad5abd0db5e9adc490bc5e1,/,/,100
60bd7af176d82b3cacae4517ec7079215a4c3185,SEDONA-355,New Feature,99.26686217
4dad249693d15d1db24ec1708e9fcbc41cdcad8c,SEDONA-354,New Feature,100
b6d160ab0196b78a5fea6f585f3f197612611b3f,SEDONA-353,New Feature,99.62880475
f7e9e0b2f44cf69f02de35f5fc99edf311ff3d3c,SEDONA-285,Wish,100
3999f2e35ab166d1ab3e96cded49f10987923ec6,SEDONA-348,New Feature,100
7d18456fe9797c8bea5f721f1b097b9902155191,SEDONA-193,Bug,100
2754997b10b8a0fa1da21b1360f486c9bbb77ae6,SEDONA-351,New Feature,99.70215934
9428bcaffa1fc045338b6ebe75fdf4096d48fed1,SEDONA-349,Task,99.26199262
fcd91bae57b6bed8952d1738c0185d70f234442c,SEDONA-350,Improvement,100
8846620e29f74f04e7337ff11f34a608aeb028d8,SEDONA-338,Bug,100
f0cee53f88fcb8681744a0317c258b69fba82614,SEDONA-347,Improvement,100
063c4f670e6d4b57939882e95861967d8a6c9c57,SEDONA-346,New Feature,99.78054133
e94a886e305701cc283ba17aa831174976888a89,SEDONA-348,New Feature,100
f1d94b7d8c1729ed30ab36239881133e4ae0139e,SEDONA-285,Wish,100
af67bd77ab5c0b5b6b07cc517b8aaa2640655045,SEDONA-344,New Feature,99.78054133
2a5fe3e0080a13cf6b32d5f73d5688675981112d,SEDONA-343,New Feature,100
5eb11d3b5e0fb73b34d266ec2d1dc4be96e1802b,SEDONA-342,Improvement,100
d7d73ea85dfb834c996175e80b596a445704b1c1,SEDONA-114,Improvement,100
6eedd19fb01412c18d9cdb1fb6b96b13710e53ef,SEDONA-340,New Feature,99.41219691
d56fa57cf3e1c7538f1b1d80aa145582457a223b,SEDONA-335,New Feature,100
bb872004448faa65bdcfa03657c171480703c929,SEDONA-285,Wish,100
8d5c76d52d855f6ee7de6e0132117cfa52ab40c7,SEDONA-338,Bug,99.77843427
c340a9763f2d580ec59473da8e97fc18955b0ae4,SEDONA-333,Improvement,100
b3710694355eaed2bb44f7b0afcedd6f7207e1c4,SEDONA-337,Bug,100
b90dd6bfc4c7a178aecc3f278a9058f8caf9228e,SEDONA-336,New Feature,100
ab5f11061b495a6e5c77e9236c1e495c0bf962fa,SEDONA-334,New Feature,100
e668e30347d5d002befb5f8de7d2bd5f6b72a78a,/,/,100
81582e6c348c6b6cb2ac511adda14688ec2030ef,SEDONA-332,Bug,100
0861db9f4f149800e3b72b50ac6c126b1507c93a,/,/,100
c57e9622cdb1f4052e805ea7d034e5e27ca8a771,SEDONA-331,New Feature,100
e386928a2b0489f798c29fff47b47e3043221a5b,/,/,100
e43ed84a086b9ba8fee35cae0ce49769b588b45a,/,/,100
18d28dc5573e842e5b4bac7d6dc28d779452cee2,/,/,100
d1addaea59d027d523cede4a3b72e3e150e63513,SEDONA-330,Bug,100
ebe5cdb90d52ea5277df0bc06ed028c92f9dc040,/,/,100
746a2dc3bc7f7c9e1a02383168522cac91349f2d,/,/,100
81f62d6c1c6abcb6a87a21b4f2affb4ba7d65f0e,/,/,100
a8c8ea76771394ae45ef2badd48efa8b2e767a4c,/,/,100
877197259b8fe90031aec9040aac9e29fdf877b4,/,/,100
16b755d26d201eb018dd56b736362a4a77fbe969,/,/,100
eb5b8d52e88399d75c5c0b141f7a13b5f1699d15,SEDONA-328,New Feature,100
49f7d6f13555aaf2a3d79321e04c0c9025350a7e,/,/,100
2dbccbf46c88a8a0b767053c798ee5509d44e6fe,SEDONA-293,New Feature,100
51c869fa688d076b3758a17b3dcee5176b528670,SEDONA-327,Improvement,100
b9b26cc559296f362b0d477c55dc1ca747c3b482,SEDONA-324,Improvement,100
d1f8b0eee4e1b146fd384d975457d182b3293940,SEDONA-326,Improvement,100
d4d01104f83c87cb1e387ee773ffd7131359c6fe,SEDONA-323,New Feature,100
8d7ca3707b104941de33699ac769f80c781a9234,SEDONA-303,New Feature,100
af3aac6f613561fd7502edef7ad1b2eb3fe155b8,SEDONA-318,Bug,100
348a102f8ae787615883cdbab37423dc5355a758,SEDONA-313,Improvement,100
58f76928b0fa02255eaf31b7ed554a858c43c2cf,SEDONA-303,New Feature,100
9108472d676b482b6a1fbe236cd90896f05605f6,SEDONA-325,Bug,99.70348406
d13099f53af7ed8eec058221320119e812078f85,SEDONA-303,New Feature,99.04200442
3a1e8c6cb725d680cfb5c6e54b612e1e5b245645,SEDONA-319,Bug,100
c7642009719f1c1fad7b8d8ad6d435f999594efc,SEDONA-200,New Feature,100
b93dfa38474f8caf685a2d0a8327161a340449a2,SEDONA-303,New Feature,100
f0221db3d6f611865c45caafc7d42e7c4abe91ad,SEDONA-317,Task,100
467f7ab72bccb2f8b2c436b34f56fdbbe4469072,SEDONA-303,New Feature,100
11cc30348d355b8d8a3aedfc28932db4ba06da6c,SEDONA-322,Bug,100
01414111b0e5ab8715428a72a3f03377c77dc456,SEDONA-321,New Feature,99.63316214
0c7a2792769a4c959c6373318c85cf122cef41e3,SEDONA-303,New Feature,100
a9a019b23086ff251b1f5f8ff21e459ade4cbcfe,SEDONA-318,Bug,99.85250737
bc82249075b47f3b20c8b57671e1ccd9db8a8ddd,SEDONA-317,Task,100
d8eb59a7b074e734edf03e09c27e7870541cb7d2,SEDONA-303,New Feature,100
86d08f99e6b04b819e89de3048934c3430752198,SEDONA-316,Task,100
007bb615397edf26d4e398fac79faadb1b423577,SEDONA-303,New Feature,100
8a1c404612e710badede5264811ce955b420799e,SEDONA-298,New Feature,100
e9f30b2c7d70a2c5e9a4650634c61f5b1d107186,SEDONA-303,New Feature,100
9fc39b39fee65bf715250ff9f1944c9d7b2f150f,SEDONA-315,New Feature,100
8b2afd6d018acb6fd2713d3c880acddef9e21918,SEDONA-314,New Feature,100
cc3a012e12a0561e6c1c96be95f96aac97ede3d9,SEDONA-294,New Feature,100
e6f112c48010032dbc4404f0b1239043df0c3253,SEDONA-313,Improvement,100
a768abd319b772892f753335455720b6c794de69,SEDONA-238,New Feature,100
3a3b5b33bed7bdf34ae928f95af7a56c8065f4ff,SEDONA-311,Improvement,100
74114ad14a747a5d8fa8408293780f8cbfb743f3,SEDONA-299,New Feature,100
5cb7a2100189b5a96035cdb4bbf530c8c570e3d0,SEDONA-301,New Feature,100
9669a838a57cc738da754bd36f0a5c189281a691,/,/,100
35129054dfe4fb84ecebad19b531a2a67b9101eb,SEDONA-311,Improvement,100
debac336e923111b63ece886901e43f8961f5fbe,SEDONA-311,Improvement,100
20e0de400f725ba68c1d696590109db23fdb53c4,SEDONA-237,New Feature,100
19c2f349d86b46cd9850d4a5a19a038c820a4fce,/,/,100
c28f016d6d09a511c4284b66c940af8d1d685211,SEDONA-300,New Feature,100
f8800d6b18bb1b4f15aabe1949153e2061dc86e3,SEDONA-213,New Feature,100
6048bbe1369c5e0e73b80951fae81b8f492e31fa,/,/,100
14a193083633de4f3ab68251e23b00ad3f9a8430,/,/,100
cc213b1e08e461bc46fd576b3686f610a16cc3b2,/,/,100
b2db51abe7699f77ddf9cfbb5ca1fea7f4df6ccd,/,/,100
03078390c696b4316cd34345dd422391bbad8c38,SEDONA-306,Task,100
8253419e096e354774b60297dacdf8648be35ab0,SEDONA-302,New Feature,100
fa76e52ba2befbb2e279ff638cb9e2784bc1a1ab,SEDONA-292,New Feature,97.98957558
b6702d1adacb98d83cc470e9b24877ab7785cdf8,SEDONA-297,New Feature,100
9a7483a0209dcef6a2020ef919f271e5dd456c98,/,/,100
9fba4b6064c2102ef3e1a9083cfeb9b8db495cde,/,/,100
800a3f5415577b6deec58d2c5e8d11c6658c9bce,SEDONA-196,New Feature,100
7910dc3175497202ea4b5b4d02fc9262c1f63163,SEDONA-239,New Feature,100
d42fc51e172d14df6d6205c032ac2af433cbdd23,/,/,100
603559ab4e51cc7a7b58d382ab020804a5bdd196,SEDONA-290,Improvement,100
1dd232129455551bf5ed6c49604180e001c61f37,SEDONA-291,Bug,100
d2dd743451563165db9f02b6c09fe16ce84a1b59,SEDONA-287,New Feature,99.23722349
dc3c563492da6dccf116a98b3b381f178daf3c8c,SEDONA-286,New Feature,100
df3bfd68b910bcd7c0c7ebef87229f7887f653f6,SEDONA-281,New Feature,100
bce57e39be346370b013a7d2a88c91c81a667e1b,/,/,100
c35a1d57626c2298003a226a2cd2338835f9648a,SEDONA-284,Bug,100
b7b779cf89eaada4837fb15682e9b5a32d03e087,SEDONA-283,Bug,100
880b7cd94855e0d9ebab5fcb15780a4161410db0,/,/,100
cd74c0dfac7ddaf05c9f38c84e55021bcfb4eb1f,SEDONA-282,Improvement,100
23f1b80e85cfe02b9f0fc9c9c1460d335936866f,SEDONA-281,New Feature,99.53307393
40e387cfa6729d043ca0804fbb86fc3ec9e76af2,/,/,100
abc51e3db675db643418c2e03f1be3f63d2a1b37,SEDONA-280,New Feature,100
6c51355a560e997371f06067d692980a720fc760,/,/,100
13a62911fb1a67c7ebd9b83254b5e5256c4b3399,/,/,100
95391214c4b4bb2cf36c08d669d6488776201c68,/,/,100
43f8624ec1ea15e652171832485fd640e19fc737,SEDONA-269,Improvement,99.84350548
f97169e34041456a3556dea99951b308d12d1813,/,/,100
aad8a8a916e657fc75cccd26c5b376b20a5dd1e6,/,/,100
bf8ac8b6147ae0c5ec76c26fb77d7f5481fedfc2,/,/,100
643d0f02bf2df83b85fc54052bd0d0adcdb9f335,SEDONA-279,Improvement,95.33483822
56239fdf0ff38666ff686edd0fba8e07fd042080,SEDONA-276,Improvement,99.42028986
f0ecaf7fb7d02a8de60f97b9d9623d6e694f787a,/,/,100
7ccc33f6daa6d9044e114e8134c2c209af2706f8,SEDONA-274,Improvement,100
7044c0c1dec4df41e7a8c4b0a8ebbf73087bc84e,SEDONA-265,Improvement,93.99075501
1b73ccfd8a177709ef4f188b31ef8f3c03c073b0,SEDONA-274,Improvement,98.60541427
e9e418095237b9ce2c0baa6add9e017df84e0854,SEDONA-274,Improvement,97.05387205
ed45311f1401b1dc18bb900b4132a3203fed0326,SEDONA-275,Improvement,100
1fb08855effc5c82c11a73d9d4a1ddaf5111e172,SEDONA-273,Bug,100
7c78ec42add610ad5905aa003a4d2e8b3e64fce9,SEDONA-167,Improvement,100
86b90fc41a342088d20429ebcd61a95b2f757903,/,/,100
b987b423a32e9105b7e50e087a28e5d85edd7573,SEDONA-271,Improvement,100
a61577388fe552def9d8453f41b8a007c1dddb5a,/,/,100
0579e9a5b3039066eade44f404ef286a067416b0,SEDONA-270,Improvement,100
12cabb7d6ad8bb01b4f2eb6e1c13733bb6148ed4,SEDONA-227,Bug,100
099fd97d0bdd487f3edc1c0c0e12762f1818d008,SEDONA-266,Bug,100
16e9ed9785403b5d0a3e7f233a82a5b87cf08ec4,SEDONA-267,Bug,100
aac7a06d9df78d8cbdf35463fb7b652c0aaac395,/,/,100
6e4091afe836735dbc6203e630ba33939402a603,/,/,100
57bd2bf12a7d1e55fc3790a16ff4c49ac5e2c500,/,/,100
42a33fc6fa469ef0c893a1534315fd462488ce5e,SEDONA-263,Improvement,100
ec3c659620bed5479b19ad13a4ceb97db7c83099,/,/,99.56559513
0bcfa656205153933385b66b4b27c61bbaff7fad,SEDONA-264,New Feature,100
422e7e09fceb049e0a0ddff1fb50d7e121d48bc0,/,/,100
36fec86179b25b09fcdec01020e0e037976966f8,/,/,100
5583319385ca6f95c4041615f570a09a8495d836,/,/,100
4106230ffff7873d370e0acd6d20f0802487a53e,/,/,100
7dfa2c3f566beade3cd524ab64327fcde836e6e8,SEDONA-231,Improvement,100
a7a258163301edfd45e3af2177c752115a5b4889,SEDONA-245,Improvement,100
a0628e16441cb5318dff94e5ccd7ca427730c62f,SEDONA-262,New Feature,99.82517483
51217435a76225c2ce8b5c8aba08df6b4baef228,SEDONA-260,Improvement,100
7b107f91bf3bd2dba155d8c84234a90f9034da53,SEDONA-261,Bug,100
ddde1f06014a660b09e97dae709a6be1e1fba943,SEDONA-259,Bug,100
2664cd792040ee7f56e28d34665ae2b7dc74b4eb,SEDONA-258,Bug,100
fb1881e3907214e5a8c012f18bfba9f3663489a7,SEDONA-229,Improvement,100
e292a9eb6df54710abdeb2d920b08b5c7bfb7b03,SEDONA-229,Improvement,100
c3da9d9fd531412ca523692ec08a652536524161,/,/,100
84e67f6f1d75b5774b501165f0f8f0cb62fa4564,SEDONA-229,Improvement,100
89916d880f6f38b918898f87c08ab6d8917f507d,SEDONA-229,Improvement,100
c8891c69de234fcb0a02dbf01cbabfc73938f5ab,SEDONA-256,Improvement,100
097efb66875f60fc75df30ca5a3d63a7b0dd5db7,SEDONA-254,New Feature,100
697306edab3e215c6d932ecbac6113609c95032a,SEDONA-250,Bug,100
2d8709d312ea25c7196028b83d950d0ac4c0b354,SEDONA-255,Bug,100
a67b8df0ab18d91840c441f267184cae48430652,SEDONA-244,Improvement,100
a89bb43207ec60d6e4a630b6f0f825aa043367ee,/,/,100
b74c0d8d7fb16a5c25ee5ef3255bf396fecb7418,/,/,100
48d516ab84f3276ea15d4d3aa5faffd500fdd065,SEDONA-253,Improvement,100
b1886b05449efb47cb01656e79d8f153c9060cb1,SEDONA-252,Bug,100
e6f8dc5f7b31af5b76f19b347ab8388b7b2dd53c,/,/,100
fcf57c0c55b22e4f26288af124dccf8a59b82475,SEDONA-251,Improvement,98.48888889
ef8a0d05676ecc4ec2747db5cf005928be4dead1,SEDONA-235,New Feature,93.88794567
edc61144ad9c1f4afaaee0616e3937d4b54521b3,SEDONA-249,Improvement,100
b3ce9012d6a87b89d68227d9c56e42e65e45f651,SEDONA-243,Improvement,100
9b99d24a65b1e4467275fb1d632ef5fee1fefce9,SEDONA-226,Improvement,100
abe41fab92c12d9c0693fd70312abd5723adad24,SEDONA-227,Bug,100
5a91619aa85af33e7c9176470b6382aa29163b6c,SEDONA-242,Bug,100
147a377ab7dafe4e45b151d8efed9203fea97a88,SEDONA-199,New Feature,100
ff561824abf04b7515902e201d76e36c04d7abaa,SEDONA-207,Improvement,100
37766cfe325f8b98c91b789511f49f9e04b541aa,/,/,100
b0b74295a1899c94fdadf2497ea671111fc4f235,/,/,100
a02629b5096f8a29c9016aff0bf2d18ceae34e96,/,/,100
41e42c560cec06d308cfc6d262c1abf75fa4a5fa,/,/,100
de2d2d84d9c1339fc91d6e94edc48b2f03116cdf,/,/,100
ceb1724bb3b3deafbe3dcfa4509530ecfd2cb6c3,/,/,100
500e0460c3b08a2daca19649138d24b34b7c7e14,/,/,100
1de8831cfa15bbb7a57b99d9809eca6976da15c8,/,/,100
8f805fb8a398e114add86f63980918cca2286f9f,SEDONA-179,Improvement,99.83948636
2999d8353d5cdcb7498526209bab0febf1a2d1d4,SEDONA-236,Bug,100
ee98f555ff0f8c0cd7f30dd02ac0418ee7f17523,SEDONA-234,Improvement,100
cfa1762ded2b8b77cd1cc84f0bec934112e5e6cf,/,/,100
8f95a2d7e3d6ebf33262bc1d20d4505197f9bedf,/,/,100
596132e52afbb274e7657d09cd51bbfe036833d2,/,/,100
5d297413896f4751d0368cc66f94c999788285f2,/,/,100
9229439f0111a86bee7e9c78a81af9419140b2c0,SEDONA-221,Bug,100
43e1d793a746389d1dfe068467cb7f4a525ac54d,SEDONA-233,Bug,93.91080617
78cad1b5b6b13b9f87f117f1c70fe8b41b5634bb,SEDONA-232,Improvement,100
35d6c43e83e035686a22f50eea7c2ef3b9cfbd72,SEDONA-227,Bug,100
112596a315577dc12d40e70fcda9b03ad38bd574,SEDONA-156,New Feature,100
4d23fb4649b6f05fd13c9880bb04a2fbc4f1c4e9,SEDONA-230,Bug,99.63235294
6c6e8ce40094afbf737982f8f48f9758b127261d,SEDONA-223,Improvement,99.26199262
d2d5336dc0e4349b5828617a8f389d10d2b13e5c,SEDONA-228,Improvement,100
91af71136d8bc96684ade11615f67ade08b8be64,SEDONA-212,Improvement,100
0f5235f76be101140bbae81e9beb4a53d75cc3fe,SEDONA-207,Improvement,100
8ddd353a68aea026e04f9edf7807f9822c2d8384,SEDONA-226,Improvement,100
c4e649adeb7f85fe24316ff135d7e9b3c44b1f3b,SEDONA-207,Improvement,97.04480458
4e220a9c06c5bdd3fb5d490830e60ab4c18cc27f,/,/,100
5c0b334e1731e18346c84f383fa0b6fda93684f2,/,/,100
1957b9694685cdae62a37a1fe54023d915a8a5bf,/,/,100
f6cd274f91fa4b870c1e346c521aa8bde04b472d,SEDONA-215,New Feature,100
79e2039bebdff6894dbc0d75ecf8922bca85c242,/,/,100
35044f719e69e6c2e14e0e488d1898de114c3f7b,SEDONA-205,Improvement,100
137bd050de185b1174dc936d8ce89467cce1946a,SEDONA-218,Bug,100
ee1042bf121f0fc831299f4ac675c23b1c4df118,SEDONA-217,Improvement,100
68c8527c9aba3850ed202b09d2acfcd37feef3e3,/,/,100
8c319fa2de0d05dcb276e45550b86b7538cde501,/,/,100
058d21a229d21af90ffbd79d410ddf23c756d38f,SEDONA-216,New Feature,100
da1d4a50691860ad7b97683eaed6072e5f4fdb30,/,/,100
95502ef0cb7d4ee798d3f67a7307b835c904214a,/,/,100
713d99e00b62489bf62bc855bd0df32a7d0d73b9,/,/,100
6dd09113187f687d9dbe30de7a7ea96a09046685,/,/,100
0bdf78145f214e25dc6c6647621481eab2ac5692,SEDONA-194,Improvement,99.40711462
cd3ef7a4add68930f6dd139f8e3b290f5cfe2c0d,SEDONA-206,Bug,100
7dbefc411fa644132c8d37a33c29f771f3ccb0cf,SEDONA-204,Bug,100
9fff785091bbbc6a405acec0bf719ab5876e854f,SEDONA-211,Bug,100
a9281884851c3e5859f69e153c662101a1fca466,SEDONA-211,Bug,100
460f09700f44295f5687fda03bdb00ec7aeb4a4e,SEDONA-210,Bug,100
5c0f92701b45d49dbab78a5366776e30b0fef834,SEDONA-201,Task,100
7b9396d6bb3d083bec1fccfdb98d2007fcfe9df9,SEDONA-199,New Feature,100
d5fe2b46d45215f1703cbb43a181d040fd43c28e,SEDONA-208,Improvement,99.80079681
611b321d2e9b5047f63e5661e0dcc465b7df3f7c,/,/,100
fd8100896029f4338a2c8d3f885ba3a7cf0328a6,/,/,100
8489b2d604f8b5039707d805386292e0a3b9c245,SEDONA-191,Improvement,100
ab4d8266fe9b48b451b13c40d0a44747936db311,SEDONA-197,New Feature,100
d9e7a7afe8fd873829cc1da4ea7596ef76fbf50a,SEDONA-179,Improvement,100
8f7242ef06d52a5542942d36aac9dcd0b40ff738,/,/,100
dc36f554c844eeb896113b3362008d917d4a0a0a,/,/,100
057b87b9d8ed593468953dc95814db07068b0d74,/,/,100
fc8740ab4d1c2d22dce0858ae6fb1d8324b2ed60,/,/,100
01d314b3b0f93a67f3b2094dec5bf959166d2eb2,SEDONA-195,Improvement,99.29859719
b13412e96ac20de87cb7803fa664acaf0930d1c0,/,/,100
a2946638e91c9a95c2d5841bbf0f4d799a8ac5a6,/,/,100
b055bf2b90e75b6b76268bd5fb19b97cfe0f6a8a,/,/,100
b2c25dcd9331103193622d04a09a6271e9ce642e,/,/,100
5c88ab4997de9d09c14b06234d72e384728cd9e0,SEDONA-193,Bug,100
1a0c8e237344c8e2ef95b1eb3104881021d37105,SEDONA-192,Improvement,100
da9ab224b1a57746ea6e2381606762eb25174f9c,/,/,100
4b989de84d9ec9ee202cd8c10fb5f37bae83ba2d,/,/,100
871acef424f14aaea074aac3a6f71a7c63600459,/,/,100
2e9c58b015159e491f4d7ed0a5c8825ca13dc3f2,/,/,100
3c7e5be68c267946501ded6da9d18421db947968,/,/,100
77a9bb5b207afdfecc3104a2b493e65756a706ae,/,/,100
c455a8358f7a72156f5fae54725d3f68ce01274b,SEDONA-190,Task,100
dcba933f9343094969bf95fae8844599ca41e3fd,SEDONA-186,Bug,100
0004580325e3c268ebdaab318e33aff823f4a2fd,SEDONA-189,Improvement,100
20283d63599323909c23cf0f06079258eb8003ba,SEDONA-188,Bug,100
cfaed6ae07a5412f2b98ddf81b46b89f9d96e8c4,SEDONA-180,Improvement,100
0a6f26a0e0eace87243dd919738af5f182557b8a,SEDONA-183,Bug,100
3533b9f38618c4916991ec741ef66f0b64a2462c,SEDONA-182,Bug,100
bba5444729555b93df59a36f44e71ef99a2f1d1f,SEDONA-181,Improvement,100
8d7e3fbedad3b643e409714c055b654f742cd812,SEDONA-178,Bug,100
a8449b0b9d34a8adf77dea94b6b5909e1779bb90,/,/,100
b2ee308efecbf04acec54f396b9fa3d1da3876fc,SEDONA-177,Improvement,97.965412
eb774081da9673bc3777d38fe5bafa37105ec560,SEDONA-125,New Feature,100
ff2a4dd0e801d3338472279910aa8505c27bd1df,SEDONA-176,Improvement,100
206936a04fe9fdb153bab71ad330e062711421ab,SEDONA-171,New Feature,100
a352a7b6019ecb815ad83478cc0e755bd6e5a26f,/,/,100
3c082ffd281ca31b62b78ef3e9010f46800adb06,SEDONA-172,Improvement,100
ff54bd3f1a8911fd81cc0372999a403c7c62fb47,SEDONA-166,New Feature,100
30b727aa9f57a3a05edecd9ab4c239b02ef9999c,/,/,100
82c923d6d579818fa4257100e59b370458567889,SEDONA-170,Improvement,100
9a1f54593fa60cdfb49bb1de77a5e17b332a6a02,SEDONA-169,Bug,100
65080422b6256a0f12cc74347ac2ed531d26a4f6,SEDONA-168,New Feature,100
54942047b91a4f60f6d6e3128b73f4c9a7342982,/,/,100
72479374805bd02a582b5e4f31a3d72ca9084a72,/,/,100
2e99867ea2660bf8eda49dc5e14aecfdbc217799,/,/,100
75a769526019a879ae288cc60d4d1748f81fba3b,SEDONA-165,Improvement,100
dad4e5ee0754f3b694eca830e7335560f85f2e03,SEDONA-164,Improvement,100
c4e37bae0199d4b7fa22e60c68561715b517a8d1,SEDONA-163,Improvement,99.69104016
abd142dc930990c0deeb4c50b06895bf55e01fcf,SEDONA-162,Improvement,100
e8077154e27dc191dcedb953b5ec978de3bdd8e5,SEDONA-161,Improvement,100
18abae4817b34438c1d1096bf01f0cd99d389170,SEDONA-160,Improvement,100
0083d2c3a9c3443013c9de0dca1e6e368196294f,SEDONA-159,Improvement,100
58bc459d435fda9846420f3d778718c4f8df0d93,SEDONA-158,Bug,100
ec6844572336bd2860a1d54db068ed0ddadeb430,SEDONA-157,Improvement,100
a917aec6e72cda4abf55530cd793d835f4fb1185,/,/,100
24a9bb8f9523e776eff92fe7ab202c396bc83583,/,/,100
26d65d4e7f5add374c8089dfdf974d7cb830ee01,/,/,100
59a1ab44173e76783bfd131a254bf716a7df90bd,SEDONA-153,Bug,100
7623e7b9599e8da9394af8425d82e647429b1ae9,SEDONA-154,Improvement,98.96694215
5c7ac9a64774c44a3071588b06101106bbefe395,SEDONA-152,Improvement,100
d7b1382df343e5455d25470eac37c205995d0d2a,SEDONA-151,Improvement,99.06152242
547ff40466b79fc9f54f771afa78306f85fefefd,SEDONA-94,New Feature,100
f665e454725f1545ac96a1fc705de63b45553310,SEDONA-150,Task,100
4aecd0e4e6e3d6c76c3f3c6d88b1fa16123a3940,SEDONA-148,Improvement,98.83103082
a93e902b355bdc8f3d3d0409960e23219a3a3ea8,SEDONA-149,Improvement,100
82ed264786d80b1e26faffcb31f4b348c2759bab,/,/,100
cd191f570af55971c465a497148d7c84b6121db5,SEDONA-147,Improvement,100
26aba91ead4f06558880be7dda745cf3c05581e8,SEDONA-146,Improvement,100
47f79204f3b289082fbc1a0b3fab35660f73ff24,SEDONA-145,Improvement,100
67d1a41c28814d6cbc4f0e4665ba5463b55eb8ff,SEDONA-144,Improvement,100
a0ba099bd103fe775eb8351dc117fe1c46a88989,SEDONA-143,Improvement,100
59e8797d4c262b9ed29aeeaba26581fc5d6ea3ab,SEDONA-138,Bug,100
4b7df8e0d18786dde6d5c57b6a1deacf7caac36f,/,/,100
e317adacf1c1a3a6f2922db0403437fa200c875f,SEDONA-137,Bug,100
36af55aedbb7aa3e65c1f98d1ecfae0615253897,/,/,100
da7bbbc7cae10916def12c12ea8d279ae0864694,SEDONA-133,Improvement,100
6ade4b0cb16288ddd98ff2914fe37080ea98d5ca,SEDONA-136,Bug,100
400a9e45aceed4479520369e80c9d6746a22a591,SEDONA-139,Improvement,100
bf8e5db3ad6675187105b41a6ab2b1d59d7e9c02,SEDONA-140,Improvement,100
f2e61b85dc95235bffd5aa49a8db35ad0735f1a7,SEDONA-132,Improvement,97.96137339
f81ddcbda5e146ba3f193a521a9567c30f45f4bf,/,/,100
bcb1803c24dc9decfb113a31db8fc14433be025b,/,/,100
efb79600064f21a6f45c6c3fcc5576b20d4e876d,/,/,100
67538d22cdfcf7f89d530f4507b9ae0a04674b57,/,/,100
4623e5d6a9138e68875075957c445d78f74490d4,/,/,100
effcd052c5aac528a9da0959d49e8872faaaab63,/,/,100
ef8052bae131b1f45fc10a5098b2707454139e67,/,/,100
4b9e2c960d336dd4ddfb80162e34b6d7ad2f8408,/,/,100
74c6d8510a0d3e2e2ba33c3b9630a954a2ddd8f8,/,/,100
3c8c1d6587c9429b3ff214950de423aa106f6e38,/,/,100
c11889b97c5c74e205b1a03f148f6eee6d3a9c0e,/,/,100
54b27cb5bab3168390e403260c6c702e21b338e0,/,/,100
e20da3a8de29421aebf88e6f4a2daaf76bd7b889,/,/,100
b8ae982b625ea072ebb9babd4acd457ae12078ec,/,/,100
2ae9c1c0f316968b5bc59dc7b15aaaabf6518561,SEDONA-135,Improvement,100
a6e31f2ac58a4eb485f687d915573f969f8182f4,/,/,100
f28ce2954cba032ecf703df9bc695804dc1efd38,SEDONA-127,Improvement,100
727ffaad84c1239d730adc69464401ba9039ae08,/,/,100
15085a597106581c5157eb274ee6bbaf16d1ee5e,/,/,100
6863cfe062cece50669383c698093d0d01504986,/,/,100
610025db76775838939216a023fd1840903f8453,/,/,100
71c83119da945df5c8e8d732796486d0d49e8c15,/,/,100
6a8f26a9bd19f98e281c45e9c2babd32947b2848,/,/,100
68f9f3a5dd036a1d048137c55dbc1cab67e682f8,/,/,100
27b1e38f43e80dd29634013c7237f3da732a1d12,/,/,100
75e8b557ad4288d1ca802dd200dbe11276dfb32d,/,/,100
6881149f71ca6d5f14b3c2518ad21071104cf6e0,/,/,100
43b250fd6871e5eeba3a5668c277f9a50f4941f4,/,/,100
c56f5d44e9ba303397757f5564e4869fbc506940,SEDONA-123,Bug,100
2d0c51f8c3d233029d1b9d6bd0401fa8bdca6469,SEDONA-129,Improvement,100
308b8cfcfa5e08491d0c9ab6fc9df6a863744dfa,SEDONA-127,Improvement,100
18e713b694aceed70c86b1edca93cbff94cab383,SEDONA-121,Improvement,100
44ae2e71845210bfae2b42ba25108dc742d00cdc,/,/,100
9e6d9aca9e37ef5af8b80543bcb138a7bdd42b3f,SEDONA-122,Improvement,100
56d73fd7bc9998390028b6d10b97a839ea21f819,/,/,100
dae17a7a50b956899eb1366dbd0eb3ff75f5647a,SEDONA-124,Improvement,100
381c11d690ff9c80769beebdbbf878f6c6c2bfff,/,/,100
5ff4ab04d9a2dac2d9f1e95e96cf3db5a5568e19,/,/,100
ec6c74bde2f3cdab06ee08026c0ff58b99f9d3a1,/,/,100
eaa94f0b885416b9f06a8142611ffe74330ad7de,/,/,100
74f6d7eaa470a22ff73237048c7c2071bfa73014,SEDONA-109,Improvement,100
21cfa42e34e769e2dcc326d98bbcfd964f540d74,SEDONA-110,Task,100
16e6a254cd9e6c5c0802da57e7c78d7e6501737d,SEDONA-120,Improvement,100
52159191baef38ddca3c4198857e4a671c175454,SEDONA-118,Bug,100
2e5c6ef6e3cb64468a2986760b722aeea6ee03fd,SEDONA-113,Improvement,100
4e22dac89cd3035ef0379df8b2455f570865d320,SEDONA-115,Improvement,100
d71b5604b0e6e9f91be6ec342e4cfe13bdd548ed,SEDONA-116,Improvement,100
c8d674020462249b9451b3f880a3c517ba974f55,SEDONA-98,Improvement,100
5874e1b2f616123de8dd433c9798ddbe3f009f41,SEDONA-97,Improvement,100
4fe38d5f8a61867c7db59c59ead637a2085eb66f,SEDONA-117,Improvement,100
edb234e3edc712fc1a65ddc7cca8cc909eb61540,/,/,100
92406035781a2fb0f8b6dddfd4714e96e3fb41ee,/,/,100
cfbb8522b5f353320930253d9cd51fc20f85b610,/,/,100
37f495c6465abd3e2cccfc2c8d62b546b026bf83,SEDONA-108,New Feature,100
ec852a9d22fa7694f58b03a5172583a8ae168fc6,SEDONA-106,Improvement,100
ce2710675108c59e3318679b0d0a2378fe51e9ce,SEDONA-112,Improvement,100
b03958d738b2a2fbcfe720a115787e2485f12ef4,/,/,100
8d39bf41845704d858df5ebeb5b1e32ef5a6613c,/,/,100
4c2868a12fb3d02b60a9ae14b529a111f8d37239,/,/,100
c34e7002bb78f752f0b692915b7d003a315a0647,/,/,100
a2b039c3a60385a269d9d70395ef5e6e0117d8d9,/,/,100
c59ab622ada2e133e3b075c830106c9cf5dcfb3b,SEDONA-105,Improvement,100
5ef6ab3fe48e907a177da3af03092560d160f540,SEDONA-107,Improvement,100
02eefc1ce480c3f7722a39ab3aa5887b252c046d,/,/,100
4be749a776b3a4744ff2bc80c1dff5e61526b257,SEDONA-104,Bug,100
46fc348e41db58a51eeb70c1c7e87c0f95abb1fa,SEDONA-96,Bug,100
6afe7785ae4fbbb2e18c272b0375458a10f2a61d,/,/,100
71c14946be4b33b1ce17e0b338c357d7dd89e7d6,/,/,100
4838d7e491f405401969b98afc19ad5a51701dae,/,/,100
1dbc30eef4251248573eed4b65ad59f8bf1af2b6,SEDONA-100,Improvement,100
3613a756d6e9a50fd2cb7cb0484e654249440598,/,/,100
6578dea5f58a1969b4aa149a62cb8daba2e8a1ef,SEDONA-93,Task,100
07e4987f0ac9aad6a0bbf77098e6539b8872ce02,SEDONA-90,Sub-task,100
55f87b8236b32cdd27c25dfb8d543e0e347be352,/,/,100
dcec5fd323d7d02101e31289b9ab15c1c01d5211,SEDONA-89,Bug,100
6ea2b7f72388beb65d2107557feb6dbcc0fad60f,/,/,100
213a8390366d6e325cbb03e7b107f47b1a7fbd3d,/,/,100
d8f05bca55d916b6ecb1dc16e2df230405e90f40,/,/,100
b69ebbffa0d92a2043bd5f4a2ba05aa2a2ba95e7,/,/,100
358ae3548032078205cf0d00d950cbd76977f33e,SEDONA-87,Task,99.46409432
84a69fc21d849b2692f0c05786633e56c51fb7f9,SEDONA-86,Improvement,100
5c7222a5e755b51844db975186984551764d25c7,SEDONA-85,Improvement,100
754836e2da847ab5a187546fafe8f5e46980a7dd,SEDONA-82,Sub-task,100
6675e70385824456bc73ff69a27a5a06fdfc6392,SEDONA-82,Sub-task,100
7fce6ee1945e85190979763f0841631bf2e41e89,/,/,100
dd174a4c2ccfda7ad6a73456857e57657904b2ba,/,/,100
e1eab692a1edf41bba5988f56f88b60b0c9cdb3d,SEDONA-4,Improvement,100
298887363abfb108f6fea863be232e035029304d,SEDONA-73,Improvement,100
3843382c5a38be9ba4e79120bc6f7270a5f0ae0a,SEDONA-65,New Feature,100
7c1497f0bdcc85974815b09d6df275174854d154,SEDONA-80,New Feature,96.91629956
47ecb00e73fe4a446478427aa7b661c2cd16a575,/,/,100
3da0c1920f047d0ca981f695de79f75fc5aa6f76,/,/,100
c2895c4b32b7279fa9470022a942089f15c54f71,/,/,100
7225629b3721615c3c8818753ae1eb148a431695,/,/,100
6ec547baf267111127dd4fa9c5d78e6c37b40884,/,/,100
f90cfe826e2842edb4e4730a0c99cfa896e69ab2,SEDONA-77,Improvement,97.36842105
22406a6071ec316c7131bcaa782b013f27b5b331,/,/,100
890a8d9921abb06427f353965b359c6649da6184,SEDONA-18,Bug,100
cabe590b3e196e1d2393d7fc15a4bcc8108ddf49,/,/,100
2e7bbc198a2d50071203293b31fa46c9dd0b7a9c,SEDONA-75,Improvement,100
66c5556142d1566b789c3c691db2b9bdc99e3430,/,/,100
41d531fabd9932ac4e6a494c06ccc08ba0623e29,/,/,100
53234ea5fbcbeb462d0c0fb70a64d61f9aacc897,/,/,100
ea5160aa275370316ff41030507f2931feebd0f9,/,/,100
182d97ab413b2c18a7d88927698222c3a791d0e9,/,/,100
b1baf9e28542eb0f7776f483aa6f94cf474d02ac,/,/,100
b5806cb8ed2ca23965c3de76917c52ecb71efff4,/,/,100
f9ba2235d39dda41fba10aeceb733201b80d690e,/,/,100
0462d0934c9a58ae4ed23f75769c5f9319c14e04,/,/,100
85e225ed756fc057dfe75f0c6732489a36d19d6a,/,/,100
ced494b9d4a6799e0d223c14df5ac8293ea76b7a,/,/,100
df67799ea5d3372ab267ebe670dba08d800e6b54,/,/,100
b38394197dede5700d5b5f959d905ed39929681e,SEDONA-73,Improvement,100
536f4980a8590542fb2b19928d6890ac8612c2dd,SEDONA-67,Improvement,100
609261b9a0efb7bf1c19c2168975f726adf3a054,/,/,100
5055078d18c687f92fcc67b7377203c501823b8a,SEDONA-67,Improvement,100
b12ceaabe63b20cfb41910fc35660fc69eedebd6,SEDONA-72,Bug,100
6fafc93217b14745d11819f44e5a166480746baa,SEDONA-71,Improvement,100
df2a1c2b8d5a11979839825a659651e7244957c9,/,/,100
9fa36d71fc87c7a992402a7a8a89839de94be75f,SEDONA-43,Task,100
c11212ff1d308f8063e0f95f377ea8d1ae8a6fd2,SEDONA-45,Task,100
8948bdba44b4b322609372c8f6baacae133e1e8f,/,/,100
cb2c7d1e5226a40ae1d78e6013d0def3bd169750,/,/,100
3758fcfb4d532a53b960adcf94818b9cc2d89ccd,/,/,100
409ad0cfe50a1031b012e239af92f96bb15c819d,/,/,100
7133eb9e51171240b1035f664e542514e65f7348,/,/,100
6bd69fc43b5a9fc5a721838e918bfe0093f1a7ce,/,/,100
ba3007cde81709ea69e930799130f26430039e8a,/,/,100
671a109c31cd249e5c4dbd093a2789ced6ce8f0f,/,/,100
9c7ee0c6bdbc5bdb43eef4b8e45c65f1258dcaae,/,/,100
c60c37318ef82445e3ed557eb6d64a6d0961effa,/,/,100
66ef15503ec5b53d06caf6cb6d2ddfbf692d1c4c,/,/,100
73d6bbe514a663741f4321996aeeed1afd53dc23,/,/,100
9f7f0dc67064d8dee9a43d8d2b0569bf20726595,SEDONA-62,Improvement,100
6e3646fa974daf36a57699d685e193850661c62d,/,/,100
f544bbdcc5023df1bc9b7c6b1f01253076e1edfe,/,/,100
4c9bed6782735b8227bc7d45f29181c3ddf33c4f,SEDONA-22,Bug,100
4761ac02b3a1b8f6752ecfb0b3dfde5f9e8f9af8,SEDONA-64,Improvement,99.65237543
8d9079970941ad050b3beab934b31340186793c2,SEDONA-31,New Feature,100
7d950669d985e77b098a5a90a5c4f77d4f163ee7,SEDONA-28,Task,96.36363636
d92fe8fd17a62e86d134f4321d365f82e0c0e31c,SEDONA-63,Improvement,100
429270a4d503561eae8359abaecd08e230c4ff53,/,/,100
a0ed49da0b62ce591d858e5dccd5cebb69a8e695,SEDONA-28,Task,96.36363636
eea460f332d78516ec61cd4b67e817f19b10bc53,SEDONA-62,Improvement,100
59bc7098baeb7791b745865c249e03eee16a71f9,SEDONA-59,Improvement,100
057c375f00791ea307f71557af0afefc15403f6f,/,/,100
ce31e3be07d69404542a119cffaeb140d2812acd,/,/,100
e6513bedd41f8f71d75dcdf9f7db9efaef880518,SEDONA-53,Bug,100
81e92f125114bf194b0a25b84426e8e00fd74102,/,/,100
c363cd894759b0ecb1e82dec653f23a682f692d6,SEDONA-30,New Feature,100
8fd688f4c26374bf2f4811d1dc4c333d9acd3b4d,SEDONA-30,New Feature,100
d8c2aae0678b7262660bda68eb0a2048b849e438,SEDONA-50,Bug,100
6dce17183bec095227222025acd00d2c59b33991,/,/,100
5910b520343dd33fc2d212a35525f41a9cfd3d9a,/,/,99.76851852
a48490685f3dc6072fc23684c57b67435206872c,SEDONA-41,Bug,99.76851852
8a7fac11f38e8a35ac0ecb281219625cd1e13817,/,/,100
55311f82b9a7c3ba6d215710c576134d1817edb6,/,/,100
477f4e725c160b3cad3ce8a1cac62238fb808f87,/,/,100
567e421015cc0bfbf18be9446fae3013686853f5,/,/,100
a8e977a3c02dc254ee8073aa6b0e2069f8c3a639,/,/,100
acacc39de182441da1e1390b02e3246b153bcc6d,/,/,100
bef93d2a5f987768584bd58507daecb82fce358c,SEDONA-31,New Feature,100
b5aac3c9527a74d66896a7bef848a39ecb0a3ea3,/,/,100
3b9454edd447345292c02568ef790edb441d2a65,/,/,100
d827579c16ffd7a1b8c196038baeb0a4bf11989f,/,/,100
19250b71e8d7d10304696da378468cb1358e930f,/,/,100
0e2847dc3eadf2a6fd6f5b5e36d47e39a98f39dd,/,/,100
2501e0c4b9836bd1c5bd17d5953e1eb9b4756492,/,/,100
e8561bd634b02d1a4aab816d2dcd97ad33e81817,/,/,100
4573274a0617bc130647121f9c82f9bd43457450,SEDONA-35,Bug,100
faadf6967b679ed3a7972bdce83c6e349713b340,/,/,100
a8efbc8d7de8fff3eb876c7dc08dc59cdf950a9a,SEDONA-33,Task,96.42470206
36b7796262e2fb965da278c0a7443394ba6fde25,/,/,100
8b158e69c979c7d9b531bcc0796a6add54c78660,/,/,100
c4d275b2fdd82d3fd65ac4179cd121be14eff801,/,/,100
0bfafc1272b76353b6c1e6d86ddafdfb1c951baa,/,/,100
e0904c54deb1e25c96db21dd1b416d0bf62f9413,SEDONA-29,Task,100
f6b1c5e24bdb67d2c8d701a9b2af1fb5658fdc4d,/,/,100
6169c5c9396daad1b568f109753250f57c206d7f,/,/,100
369b51a68a7983b0c6fa79c313a29bdc1ff6be11,SEDONA-26,Improvement,100
a8c42896a8fc2f15b56fe817121c965adf0dc2f5,/,/,100
ae502a848688319f893c8c6ec1ecb3b270850870,/,/,100
b39312cadac7f51a43caf47c2c16063e4049ea54,/,/,100
55e1ac2872ed3199dddb578b2b972b185e2c6e57,/,/,100
e0fa15d7d8337a3a14d6296a0ddc320ad9bd7152,/,/,100
3df790acc03b0b0da30f9df734357f27858c9ed7,/,/,100
be30079150c59aefa18ba12a603ac5e51a1f6b4a,/,/,100
f74d057364e81ffb3d40c044330b8d598880be2a,SEDONA-24,New Feature,100
34fef45c638693ca3099f5907d6214c07b656edc,SEDONA-21,Improvement,100
efd9915832d99d81b68d577fafb4f0a661a1c8dc,SEDONA-19,Bug,100
588c6cdbaf0bf3fd5fff6caf1cc063304bd1867d,SEDONA-20,Bug,100
bd4e6299528a56d4fbedd2c3459cbc8246aa87f6,/,/,100
41d66f6cc95b57ec4d512163fe2d50264d863e72,/,/,100
74c1ef8665cfbd5586f67a1ea1c01fb0a6cd830b,SEDONA-16,Improvement,100
71ce8230b3cda68e5c5813121c115e873dbade04,/,/,100
ad767488ea2e6695ea9cf587e124811ceeeaaaac,SEDONA-14,Bug,100
74cf6c5b6d9a24c256a79f965b18e19c45c81d16,SEDONA-15,New Feature,100
5d6f33947bb131e438664d91d4fba5857e3e828d,/,/,100
0541080cc17fef11fd10073d28d5744a577e654c,/,/,100
c095513bd23a49c06690b2d9c46b72a02885fe2e,/,/,100
be90b00690904a414f95f0037dd21476f9d00b3a,/,/,100
074bdb397149683821b6753e46ce49c5a975ce00,/,/,100
8235924ac80939cbf2ce562b0209b71833ed9429,/,/,100
cee466c09aea4b825ebdb142c4c4810f99d53a8a,/,/,100
f1d20b5c79590fdb7acff9541ab9c1c9e37087f9,/,/,100
8249b2ba540be138cb52cdea453d5e465ac09a28,/,/,100
cc3efb282412f368cb4fe6e66e64d66545cc5ffd,/,/,100
f71c37c36d4b85e9ac95335e957612d2c95cf0f4,/,/,100
55a47f90c3794cf094d0250d9899d30fae063b6f,/,/,100
29f897bbcaf65aa5b5b28ea4e93c6b7e783d83a6,/,/,100
2a6c1f4660ea5571097679450f0438241801ac34,/,/,100
547bef4da93804b5a3b2afe3ad48006c0fcacc67,/,/,100
9642a0002c6c339c305c732d9a8714ec7c340d6d,/,/,100
1d9848eae74170092ad8b705c980c09d44f52e6a,/,/,100
faa943129333bc4c59062ce89a247dbe760229a6,/,/,100
0f577971e85c06056eae094d5751493286ef6284,/,/,100
4161e8491021e65b5a613a0e134e405ec018014a,/,/,100
61839143c7bb08817ba9f5321c046dec62760a79,/,/,100
e4d3e31658cfcb8b7b2bb895d8eacb646c0c7baa,/,/,100
61e909b3bbb0e39772cb69c9add18fcdf6d1942b,/,/,100
a7d419f59cce4805b0dc20c979a46ea87c168535,/,/,100
2b3d181cc82bf771df77de0fcfb8c046a91ae97c,/,/,100
da4d9083a96bf9022a0f43eb884fb8a85a026b92,/,/,100
12b9cfe992444a499fd5194bda1b2177f4bcabe5,/,/,100
205d79bf4e564eb51e5df81af42548f88e24c5ac,/,/,100
fcecc60896d1187a87a58a58b8f4d72dd79f8838,/,/,100
746b08b6624a9a491d4b75efda7061f6c7f68292,/,/,100
ba5dbb8473d1e62475b14c274b841df5a2189043,/,/,100
317302bb49b55fbfc63179272ab35c3363736d24,/,/,100
3dabc4dc6becbb73089f6fa859d0486f1e24298f,/,/,100
bfb962ba1ea25dff3853db6af389832137e28c94,/,/,65.49707602
887c43a488c995e2f4a9d827c432c81612e28d0d,/,/,100
097c7b330ae508ef42e5ffd2abecb4f89b29a02d,/,/,100
feaf338b27a66f28cd2b9062748bf567cdcbc86e,/,/,100
69a1c12a635088b06920152a89f3a01144f91f01,/,/,100
987d180a9cb228bbfce0a038835e80d8b482c813,/,/,100
e3e74998df1883bd3fa3b34d0c61eb06dcd22770,/,/,100
c6ff56df24621bf0bd4a7e21f25ec407685154d9,/,/,100
1056b7c2f7e543c60b5841fd904249476df6d200,/,/,100
e4aece9186db4f310fce2d115c7f33f487d2b4ad,/,/,100
9d7ec9a755919952efd7a49122d204327e5a03f1,SEDONA-3,Task,100
174e2e17b4dba6d7ed343a198106e2b487d926df,/,/,100
ad0a075d7ece7103587771ae91cf714dd748320f,/,/,100
a4faea735a954ea2c2bdbf8b5d3270aca2bca799,/,/,100
a5e6c8c0d79e214b6e0800a6f7c272fd89272341,SEDONA-5,Improvement,100
a6a651e83df0e6da810f98d67c29bd1e17e4f6b6,SEDONA-12,Improvement,100
9b4a2f51ae9bbcfc7625f25765436a955ac3c8c2,/,/,100
530ebe930dd6f890066ce1033877808fb31c387e,/,/,100
74e862fa06046b1d4be147754a4a713bc1d00e9d,/,/,100
cfb781722f4c375f501db0f0fa01ef44bc57a8dc,SEDONA-1,Improvement,93.52715304
1a6035d7a62c717f454bf3e2fbb5facd75375a7d,SEDONA-8,Bug,99.8940678
6e144cc159e2e32e07c8811ca6015419e225cb3d,SEDONA-5,Improvement,100
6d0dcf995021c6327c71e943dfe384de4557a278,SEDONA-8,Bug,96.34877384
1cf775dc94ef549f4913c0297b848d55e70ad4d9,SEDONA-3,Task,94.56398641
aff3af360c827b7d17039b14aa3c1bb6566ada0e,/,/,100
f94e5c5a593de16ee698fea3f505f2ca6e5fb36d,SEDONA-11,Improvement,100
a614cfbb322d18dee01a4043426073bec4727047,/,/,100
220aed405f34062dd3a6014e440089ff49910fe4,SEDONA-7,Improvement,100
1e7d1baf0fe4ef090bd471330520bf299c7e208c,/,/,100
d58333ce412019238ad9f82968bed4b653f40de8,/,/,100
4ab128526c9c1726a9d0fa99f59ac57bfd6652f9,/,/,100
b22b37077eb07fdd273a4dc4b01171d03aa46664,/,/,100
4800676929d3d07db2f7e6421a643ffd562f90a3,SEDONA-1,Improvement,98.13845259
16a1bb94fb4c71c58b79314ea5f559699ffb8382,/,/,100
ffb96829172c7d58d1646481b46497f1d388e44a,SEDONA-3,Task,100
2e60fc07b0eae78ccae3876d970e677fc9319c40,SEDONA-3,Task,51.93434936
2be66ea34d888a0dc4958477d50d642498154771,SEDONA-3,Task,100
9e01f6f44d55caad1f554fce03920a1d9ff7d7c0,SEDONA-3,Task,100
1c73568fabad5e64dab0ac2249f1a3f147ddb129,/,/,100
615904bdb7f5a60174662491e14da9b4b7232491,SEDONA-1,Improvement,100
37e6657796cf3995b3f5e4fa2d7a080397a3a51e,/,/,100
a44efa564c8fcd3d300058d9ce7588a958e3ba46,/,/,100
7cdf0ee5939ab4a196e076e58569a0e8ba8c1cbd,/,/,100
4fb59c1d1b2ce758eb1bde28b19382bc3e986ba9,/,/,100
c573ca2334ace7fa8182cb7a2396e94ea4fe4d56,/,/,100
5b20b11152430173077305f9e42a1a3e22ea15e4,/,/,100
e59616a7838d1d4980526a1f7f2d7982efeb4f96,/,/,100
03c0e5a50e98e750e82683dc3c0bb2761d44d33c,/,/,100
a60d51829e82bfdd2bef06e05a96d02df7056946,/,/,100
65aea91a998a6fdad7c00cff4b67f0f148358c04,/,/,62.56895193
c66590db9874ccc9b353bbeafbdbe3409b32f16c,/,/,100
b8bcc163f29be468b0b0e9b7cf5633aacb0a61db,/,/,100
973e25487096747ef5f120856e7d5840aa1eb642,/,/,100
d72d7bae560ee39682e166a9d1de7ff0f9e956f8,/,/,100
03d180ea340f8e0d8a9a7c421df7cc2be6f84208,/,/,100
34ceb2bffc2992bf49bdd238be225d5506bb4ca4,/,/,100
e9a539c1a461d99a9b3b5ce0f8a2b4dcba865b9c,/,/,100
dd06e69b3d684fc63c6db35d0cd1018a1bae2172,/,/,100
bf3cd3063123140a0cdf131797b10ff9ebddf700,/,/,100
bb5ccbc11d1251c93430f35d3d966342288831fb,/,/,100
bf45063e1306c1397134628118517cd4f7739d53,/,/,100
c4e3419b323aa3ba03dc2027dae7abbc7487b4e2,/,/,100
4baed9184d9178e123c3290cf30999f115c3bb53,/,/,100
d5c6cb2412dc303880505d9c41dafe718ace1aac,/,/,100
06aa269489339930fd32eca57931d2710f3293fc,/,/,100
55873afa9329a9b28149795d9539dfb9a20c8966,/,/,100
67f4c46f255d0cc841b2d2c5729ae423df967a18,/,/,100
b4781ed313546b78a00d8af4c84a689bb1d755cd,/,/,100
3418c14cfe78dbd2f5c1a461738bc38e2064cdf8,/,/,100
0b4ec1a66cb14251421e0d8a0ba543d2a8112f2a,/,/,100
8cc219f0bffe44b83a992c07c3895afab4aab1c4,/,/,100
c30ca346b446c572684ae51f611111e8c86e3f20,/,/,100
c3a5f4fe7f605e52ae1b928b6e85a7bf09dd9cc6,/,/,100
b5e7742ce20c20c1992b0ebadef46c8a148b3a02,/,/,100
f102eaa8a1af5a419030784ece9c8e4177d7a7a5,/,/,100
fe11547738b7d614ff0d7bdb889283a8e1f7fece,/,/,100
8726b48e815295adb3bbc1c741c0b680bda5b928,/,/,100
17a5d828a746eebd758ac15181495cea78986fae,/,/,100
00178b5052901d15e0588fba9ed7facf38bec380,/,/,100
f723a5c84a3f45bcc35e9eedda5210dc2e73fb81,/,/,100
856577e1518d34175c755c327e481a996b0a7cb0,/,/,100
81a04d241a084e2a7021c0218ee7ea3d8e8ed3a3,/,/,100
f06e4d381cb29c03efd7c0650182b4a663b8fe02,/,/,100
ffb557ea791922923421f84c7fd120cf98d9581b,/,/,100
ccc63656b6d84e8842cb3ec03f711feb242964c4,/,/,100
618da90413f7d86c59def92ba765fbd6d9d49761,/,/,100
2e56edd4dd2f6c629a71814fe52de7ded9d93f8f,/,/,100
bc84951a233ca0a2c3b420978932f1b844f9311d,/,/,100
b41bad3a537c4717fde1aa1d392df281f8360685,/,/,100
9469731396483489aec3d33f4d5c6a87365d614d,/,/,100
56aa6003b8f3c194e37799af88d1f15fa86d26e3,/,/,100
d090817d7404e9fcf9cc229e34421b14fc7b4de2,/,/,100
f001c4e02922227fa9f9899f73b645ec51c97ee6,/,/,100
776e5585ef793b2402d4eef37e5553dc347c2547,/,/,100
a4e301e1cb82466b9cd12a2fc04310ec49548016,/,/,100
a948afb43d5b6bedf15dd75a9bc6a072828c647f,/,/,100
83f2bcc6a34f6a12b3951839aa7274d08a445283,/,/,100
48518c8926c0740c094ad1378e51e92564855aa4,/,/,98.29268293
0f680398407f8515c2a33f9ce0f03b8283690f0b,/,/,100
792d5963322d69a4ecd8e358baaed5c0887633af,/,/,100
b29d4cb2bb918340847f6e0c0f7385c7dbf77ce9,/,/,100
c98248046888e6ca01ee316acdac644706c3ea29,/,/,100
a3d94bb9322bd535b6bce09812fb8dacebe060cd,/,/,100
21fb3c3c495aeade9015693915f32310a08d9d63,/,/,100
15edbca254232c446697cc103cd8c422c93cba2d,/,/,100
b68086af7cc0594ba8fcd0e13be1d79a363c2513,/,/,100
0da31b672f2900febda94b457759c7839304c894,/,/,100
4f4e609e985155a00acee89ee166bac3d002a641,/,/,100
56eb14cd9e9219daec790b3ead8ff65d26314868,/,/,100
3ddaa1142696dac1675a61e199aad70dae6aba46,/,/,100
b18cbf44e51a2e250f8da9ed5dfe5b7447d16e38,/,/,100
79bb381208a83cbd26166e68fb8de7b199c073fe,/,/,100
431c035f214d6b8f84e085099067e78b720a463f,/,/,100
3431f0315a52fc1baf833dd72c20ecae97696b6c,/,/,100
cb709c5e8a5299f67b96d58cde3e3201d644d6ea,/,/,100
a2e393c223af91771d3aada2636b71dfc19d5c0d,/,/,100
bfb45e89a35f72c5e57ab292d3330d221d2b29eb,/,/,100
6875884c092bf1813b51577933a773fd7e522eeb,/,/,100
6c3057bd98df2d42b75b99528e1132d3fb9390f7,/,/,100
45b00ba5ece4524576d2c6f11f9218780c7f4816,/,/,100
769b0a5e4fcc5697137eca948a6c049e83863b19,/,/,100
33a944b9fa9ebce195b88c78b5b8d82fc0520438,/,/,100
1b7bf7b0103ac44a45b07a14f8b226503d4c07e3,/,/,100
fcc01330393fbe83de0895eb879b6313de505bac,/,/,100
85d9258f9c1e8e0e86a9e4085c416b457640e617,/,/,100
aa9ec969d6c6eacfee6306c7bd4e4985a0d460c7,/,/,100
08a43854bf721cabd5433da9added3ebdc9a9155,/,/,100
5b1512abe7e3353627009a0e0375a465bb0f982b,/,/,100
c05aec1c4a403202dcfc30dcd55109ce857a191b,/,/,100
b1d2734da1ab9d9f971b61ccb6c0f30a49e85d6b,/,/,100
19f11e8ce6a36ca5d6c7ebced08539bd5c7e5e20,/,/,100
15cb77652a8457c16a2a74ec61a59639be7dfdc1,/,/,100
92e9205185d7f36f357c263f1c5845716df33e54,/,/,100
44d90632f0c486014d9947ca7cc15da6539701ae,/,/,98.13895782
21c227762a81673760a563180af78703633c5239,/,/,100
9a1d4473924494e28988aea2df2af60d20578cfc,/,/,100
dbd5f887509924440d4b6f27dea2633a46634a57,/,/,100
e7fc36984d5a0df0176089b1aea2ac3158d01396,/,/,100
c88e332fda16cf9bd69fb9d6b90c9a1b44ed6a79,/,/,100
a3087756c32f3c8e567798db13c29b26eb557fbf,/,/,100
622a763b0b20cce47c1aa9df4571585e15fcca35,/,/,100
52422d23c4e0555af11d178109c556b308584b9a,/,/,96.36591479
84a5ad80aba2074ac4a7efcf52bef7496af519e7,/,/,95.92356688
c108d3df0d703da8f0fbf3a5f1f94512ef534076,/,/,100
e4a92d335d754291eb673f3312f17167799582a0,/,/,100
32a6ab26bd7720f254747c12fa8d48050ae2c850,/,/,100
746ddb426ba8397c80b9ee5133021e72eb9435a1,/,/,100
bf55e403bb188d2d3c1f2cd453d1fae595514b81,/,/,100
f226be72008fa3ce58817a1a31144936f2ae01de,/,/,100
ddfa98510a91c8e6c508a89e089975780177f8ce,/,/,100
34607225b82a5b490420138aff50739b02bbb8a6,/,/,100
4e92d2c1a6a50e9ba057ecc1d7ff426a0f944159,/,/,100
5c32fafa5a1480cb997afc234f1d59188f6f1055,/,/,100
351f666f9a58c3c53ebc229338cdad4229bd6932,/,/,100
756dd8df3dbc0056f3291dcd13ebd5ff00c67829,/,/,100
3c56334e672ea9691d5fb7943c5e09e09bd5b565,/,/,100
6d00a7681f86989ad33954b17dad3a2aa265eafd,/,/,100
de05c0eed36237fd828c24375376403c86457022,/,/,100
dd29db8ecdb91771574040e5f64cab8c1b72735f,/,/,100
c79054e44b748cee95fe62ea2eda83ab16df33ad,/,/,100
10aba3567801b17d40874fcd04c10d236fcd0721,/,/,100
f0334dd9d0e1bc8fc5a9bcf96b762df0d1d8cae1,/,/,97.72423025
b2b6f1d7f0015d5c9d663a7b28d5e1bb1043c413,/,/,100
4e2982c59670dd4c49bf412d8ba637ad1f6df8ba,/,/,100
7cae474ddee099fb1ee13180dc0a2109256370a3,/,/,100
f62cb07cd1e30596c3c8ab9569f98f44e085e807,/,/,100
47f414b9fc1876400100c3a1a4db383bb9756f1d,/,/,100
f957e9b5a9c58a7f1960a39ee8da580ba1ea7c95,/,/,99.05149051
b8ae5b8a9b9588c4a62eda5523bd34d5cde04209,/,/,100
5b727a8a7f19d1611f0d760f1608860bedc27281,/,/,100
acea34668d33ad13b2a67fa279f2b0831f10657e,/,/,100
7e8099ea153d82df8110ef7f8f8336006be415f0,/,/,100
29ca7bbf467fb0784febc7f9cdc0cf8a76849318,/,/,100
468e4f9803d77d36966829bcc68f7c4ba64df09b,/,/,100
87384442da19fc33ca25434bb35ffeda0b6115b7,/,/,100
5ff0bfb018276a4e8fc11fb78b30b032ac279eec,/,/,100
407f8e078527708cee5b13a523ca990be19ce704,/,/,100
2bfa28ee955f42e3e8fe84de704835d0f5d0bac0,/,/,100
9db5ed559553a9603d23210048edfc2765dda7a4,/,/,100
9df59f340e057672cb99c3bfe807c8ad0d291488,/,/,100
f1cc7a4981760ac6dc58099856ad53289253840e,/,/,100
c370c9eec818959b8d6d26c2d412b49baf58246f,/,/,100
24b503c7e0a5fe028c5f61a1f08664f1b464721e,/,/,100
fadccf2579e4bbe905b2c28d5d1162fdd72aa99c,/,/,100
d6371758fd06085ac9bc4e540094a8c3972ff492,/,/,100
f80cd8cabfbaa9241b3da7082f940808668a115c,/,/,100
3cb739f683b75951c3df277e308eb0f13f7eeffa,/,/,100
a02b49228c1df5f8dd4d99ae8c831771be3d431d,/,/,100
000e8de91b2ec9f5ff7190e08a18c62c0722e32e,/,/,100
3b1d1f17e20aa7fe49d57dc23201fb80f2bdcbf4,/,/,100
e5ca208b28bb61b8e62fa33053f546393673dae8,/,/,100
b6fc737ed6912b10d430bcbee0003e2bdd8044bc,/,/,100
3cc5bb3fb90aa9459679c9502e11cc99f853b329,/,/,100
c73a7f338707dbf6541f9652afd96d15cf70de9c,/,/,100
77af9ba7a1809f3073e3395fc335d42a5887309d,/,/,100
941e4925279e95daceb9c49a92fb0ad7c24b74b9,/,/,100
6730e1b19692c3f6ca9b86dd844fd233d88a3074,/,/,100
ef5b733fbb694a7f88e69c2636e504b61512a752,/,/,100
40793385fd5489d911260efb1f7652a485f4dd8a,/,/,100
8ed8845014a5441c84189bcf8c8e8ee0c8932ec3,/,/,100
e6371442de591d413f5ad372ca098d8b04bf7cc6,/,/,100
3111e351cb31406fbadac61c4a7dea6e437d1479,/,/,100
fcd3fd87d519603656fbf1755f40be388915a7af,/,/,100
bc2feba380fe2426c736ae522ff441803e2e8f98,/,/,100
757c925aa6a0f8d25de2163f8de89a206bfc79c2,/,/,99.32249322
80898a15693364bf81a21907ca0e765e44dbedff,/,/,99.32249322
c1a836ff58a0ebf411b74c806993ff78eb2b7d80,/,/,99.32249322
24e68142235ef45f121e0b62e869fcf181b9b338,/,/,100
a178bd3ad0a2f0e117e5e71d54d38f2efe58e938,/,/,100
23d334066197d1a465d3a22029bd01a9f6d67497,/,/,100
7587dd5df45854c587bd036e54a6e3efa36cc588,/,/,100
ab66a3dd7f4b39405c4637619300d4cd1d2043fd,/,/,100
08bb90a8eda4495d05466f5c30b0920cb04a4708,/,/,100
7f57ffe02d0506cb86d32b60555495775516c481,/,/,100
0e13ad45389ffc6c3efc5bc00ad10ba1e271c900,/,/,100
8ca94c91d993496404e5e6551d06212e8c2433d0,/,/,100
16f43cd6a9b95164bc0f650044be35bf35dd666d,/,/,100
7b1213e0685c7b4649c752b74ee5adedfc2ad3d4,/,/,100
34db06a139fb4813f37ccf5c8d3017cb7239dcc5,/,/,100
35e57adeb239de84d900be7739ec284fbff2109c,/,/,100
004a2d9d54e27693fa65820996166a61842f85fd,/,/,100
74c04e5a7de2604cc1462bdfce7ea58f8e2e90fa,/,/,100
3c6a3a17052cb994c15c7c480de01e0c5542b5b1,/,/,100
e0da0c4934a8dca339434a4e472fec3513e3fe5c,/,/,100
dd55fea5ee260fd09bb9b945e8b8a0514044a193,/,/,100
72a4ac20a6d29aecf6d19c9273b48796629d84fb,/,/,100
90602796a5855f4aa8f34eb4db29d4a9046f59b6,/,/,100
8384a2a9f7c4e1ec128ee6b9971f164cf9e89028,/,/,100
c40a4c2c89c69b8428906f71a700a09934a80294,/,/,100
0248f63d0060b40d69efdb1e240f74ca92ba9a57,/,/,100
b1dfe2a6c23fe46af119972572a3aed39e6d6b6b,/,/,100
d2c379e57f807a6328d903ed9a8034048d8d4fd7,/,/,100
877e6d2f81b319c52744aad12562c13d05bbf6c4,/,/,100
bc1f880543123bc4fb6e2fb443a44ba109f288b8,/,/,98.88888889
e12fa95a23e73c905841312721cddf144b252e4f,/,/,100
77038be7ffb063947e06a4f10cfbfc46e08ddc6b,/,/,100
ce8625c23c08743931bb2edb91674157f8a86ff5,/,/,100
aa6d158b0ccf369b384e3feff6e72f78142084b6,/,/,99.57865169
28751f1589c48d199d0e03aab30c0456724ab575,/,/,100
ec8f5739ba60b32cba90fa39b447fe7521e030ba,/,/,100
de414e7191ff80b28182ee6573b20c39e295719f,/,/,99.29278642
dcf7a29f145309d4b3f2fbbd8305900d6b49db5c,/,/,99.29278642
d04db5e334a72cea488016fbff30bd37020221f6,/,/,100
77a61aae80a28bd5ff64d14417dfab1323aa6bd5,/,/,100
1d59195f216145876a61db1932ff2b2cdb8172df,/,/,99.29278642
7e2ab57198a36f85b1e52fc1e843496570914234,/,/,100
2f54cda2569e71967283425626660c922ffce61f,/,/,100
e3e5bed2a0644c80137b585f2d23026868d2c57f,/,/,100
d292d3b12545e7044fd21aa244f173c87596fa86,/,/,100
2332b5810d5829b5496d01744c14296f8d6d6423,/,/,100
2f8c05b4c106535cb5dc3dc38792907d6523beb8,/,/,100
08c0fb4aa565e03f60ff77d3686ac56a4f934a85,/,/,100
518a74670ce2bfd454d7a0e0ad81f384d722d6de,/,/,100
ee3028f2c39a1d486144083cdddc8406a5d749d2,/,/,100
0cf86e25e4f63d1ddd677b5f9b199423815c3b8c,/,/,100
e999455959e54f4d90a6e0f86ddd5ac94f98ce05,/,/,100
74bdfd7d8f8886423a3e9a8c50e0df54a321200c,/,/,100
fdc40b0bb87be820bf671b26514b770b852c63da,/,/,100
d4e0a6942148c3944beb84d76866dbdaeeab2093,/,/,100
aa9d1a53893799b21b41f416c6d3d343e1318481,/,/,100
6efe889b3e09345b2096b92a3746cc144e69f556,/,/,83.42541436
ca37b7c8221578a1b502b07607c63f8a1844b6a8,/,/,100
4cb2abcb6ed9cf53cb124aed01c97d9f8cd1c052,/,/,100
1aca8de4bca940b0951b5656eae124144ba1d51d,/,/,100
4cc442b3556659ada93710daeb856a69775bc239,/,/,100
c01f128d40fb85801757022f788a3c3151740834,/,/,100
459099edf747b8dec14d163d6b3dbc149c364ab9,/,/,97.42895805
978cee399a192f1ba04cc15c74e448d78dd5a7b2,/,/,100
303784da79174b338236d88e8ecb198a5f09d3ae,/,/,100
4a81de5fa96fe1d97c7d6552536cc888984e8d5e,/,/,100
d03bc935269901990d10c8289c19ad196a043361,/,/,95.24438573
cd369e244cfe9f1d7836f7fd94280a1a7b89e5c4,/,/,100
56bab6a71b332d848ab7dbe9805fb039a469a211,/,/,100
0b0c343789ce6584ef8554666efbda7070dfa8dd,/,/,100
458c6c31aab0599cf03c22207bf36c5a767d0e9c,/,/,100
bf9ab33191e119187a7c85b84cdfcfd985643cb3,/,/,100
8f4c467e594594d64c2234f85155cdb1a6286204,/,/,100
31537ffb743813aaddb50db868b792fd387c1d6e,/,/,100
84cb2a5d063853501f21360553eceb0b84a6072e,/,/,94.68223087
af387187593efa37aa2296486e8b712aa4eab5ee,/,/,100
6a1afeefa9924aed0a9cf80623aa0cec8791ae4e,/,/,100
2c9f030fa20ae71b5f6c8e26650e05bfe60bf79e,/,/,100
146673508e4c8b85959031c371f5428da5dc4c9d,/,/,100
df8eb0a543f28729b464b9e439d011ad68eea284,/,/,100
4ea17ccc907f67be7e5787b9bdf16a6c510f13b4,/,/,100
ea72f9bcba03a3a6e3721d6a342d075f81c0194b,/,/,99.73614776
4f477ad4701a57aa08f641ea3f1e2ff2d3a98883,/,/,100
292a134661a0f041dff40d01dc102d19369216d3,/,/,100
034ce86b2a4799124286e5ddbfd9817ca13c0927,/,/,100
d627617fdd7ec93e6cb87e9d0cdcf51c30ba3e78,/,/,100
3292919873ec2ada5bf178fbfbbb0e68b319b261,/,/,100
1aab76e9109e80a8b9f2e14618f1c8ed633d26f2,/,/,100
bdd9f9fee8e526418b27dcdf8cc43320e654118a,/,/,100
e646c2eee45ce65b818605b0d177536ea03b903a,/,/,98.93475366
e5def8984449892c0cb14bf33015f94ae9d77e59,/,/,100
bdc6a34334d1b78982893fd54716654fcbf7783e,/,/,97.85522788
30edf05a7e7ba58d3ccb66f7807ef5016c5c0e93,/,/,98.92037787
013d90a4ea82650bcbb0c4b7cd9fe83cb8eec423,/,/,98.37398374
c1c8e4f7267ed966869e17419a15ff13c594c1fe,/,/,98.37398374
f85f05e48ba028f387cdb6324e75ac2eea364d1a,/,/,99.45429741
20229c4b50b8252f6fd942aadce9b88f390fd521,/,/,99.45429741
6d5469ed13e05ffb06734caf759e1d5181b67712,/,/,99.45429741
50e83cb7e84bc7879d6ff63129bc44fbcad9265e,/,/,100
27d55f672ad590a7bbb0f2ecaaee096b79830c7c,/,/,99.45429741
3cbffdaef44755b1a7c54b484f48170292d8f059,/,/,99.45429741
c0a1dba48a01af30caddb1a05cb8669d3078e701,/,/,100
878f7e05f7f8cfb3ca85e277a35b593c8275c394,/,/,100
e0496ef5b2c9b921be27f642f606a4423a0da00b,/,/,100
957aa12cfc3007ae8655d906fc450b5e5a035998,/,/,95.44159544
bcae36159b31848df7c82a8bb4165ed02ef42ade,/,/,100
44a46f25f178d8c2be6a707827a0833c760092f6,/,/,92.41982507
c95d7e7da686ef0f809055d61554eaa802737fa0,/,/,100
d4c0ca86a5b2960bbb9c4d9c175f2afa633620b4,/,/,100
8cccd607e11d631eb29c3d211a3c13b7a0e0d4f2,/,/,97.25036179
14ad2a4912c2036c0b32c9178e8b0fc0c9910f59,/,/,81.87311178
d5ad818539f694c575ab8baa153f902cd23a2b47,/,/,100
5e5f95864e1c026e46e920b0edc95a6e7450b1e9,/,/,97.6635514
132b827f712d44584bdadbc60cbb6b210cafdd60,/,/,100
46d3ae9bc91081fdf366c2d2f69738a7c9533cfd,/,/,100
8aa27308b97688e1e512257888a106cd57582e8e,/,/,100
9d97ce9a99c627fa3d31eb04f1b6e701d22dd4f3,/,/,99.22958398
789cd5a79f5c07ab8118bee306b38498296abbbc,/,/,99.22958398
ec6f1b30944e14b4215f7a9e2fddce4978e5462e,/,/,99.69040248
a457b34ddc028b63f1a39ea24a7f13ad8996ed3d,/,/,98.92473118
ef7c9b179ad6e33286b16b984f9a031cbc9bed64,/,/,99.69512195
395b79e71b503366bb25bba5af67500b492f426f,/,/,99.69512195
419a7b9d2c24f1bac07720a28c06fce7b27c2c32,/,/,99.69512195
a79ae1110b56a787d1b9d104c5dc3ee88db47253,/,/,100
92891a00bc230fdd74cdf6c8b74bcfd2a575ba3f,/,/,95.31013616
d8fde4f65bb96a7a2b92697a43af5c0b561dafaa,/,/,100
f0a80dfc904d2dc9244e98bee074c4f624035dfd,/,/,99.6969697
50aed927c63d53ea98ca0b094dfdd0aad0423b65,/,/,100
669d586f8b6a3b128fc48f268489d2f537dae88c,/,/,95.26717557
e09e0b878e6e1d6489f681649b729bdb5dbe8ce9,/,/,95.26717557
2ea3e8f2fd9b59c1b4917c7eb9aa812477826f9d,/,/,100
b62e29d97b64eae920701c647d2480536ef95d89,/,/,100
2098461a08361f3aa5383fb1dfde601951dd6c0d,/,/,100
4ac319c6a7689b774fc675fdfa44560c60479c1f,/,/,100
6417e9a03f991483421f5d41bb584de8887bf846,/,/,99.23076923
f82a7b3371dcdb4d26d755784a1c2e5795efe8a8,/,/,98.78787879
e398e375b5364bbf7723faef94fe48481f0a0717,/,/,98.5380117
9b5e719c3405ba23c064d3f818542a65f7da1a65,/,/,100
0e13e77bd8aa20fcdd60e5ed61368b12d1fa3d06,/,/,100
e8d8ac0bcf3b01274b3d3eb2d9d19eb4bf4ad49b,/,/,98.5380117
a6e56334fee3010ed613539f388ed799d218ab0f,/,/,98.5380117
c3407a4403fd462fef7c394c984fdf720a77f8fc,/,/,100
d455b33c0d17e2d414db116b346f54b0c749cb54,/,/,100
b877b7ae9d9bbc597fc27475c9d4099e2db1ce66,/,/,100
b227d494d01cfd8ebb4a30bcf258165e4207084d,/,/,100
d373bf82fb833ca6fbe18932db7a834d286da8ba,/,/,100
7a8ab91d729357ed83e8c6c6fa0cc0a687982b95,/,/,100
16c5b031b44e7f9de1bd10477575acaf1dc46608,/,/,98.64661654
699765f870a11ed8edcafa37055e4ea0c0f47584,/,/,100
645cade177b27790b814078374beab5057c74d30,/,/,97.78830964
7fb9778a4fb0e9abb22f1b2615b40b3a281298bc,/,/,100
b12e0aef1a2ae6d2a9771003ed8c426828b35cc6,/,/,100
fa9ce4b78197eb91000c089ad1df84bdeff2b4a0,/,/,100
7f24e8b278f696b8e295f1e5135884fdbcd9dd99,/,/,100
59e0436071e05303948bde7c669a1feae86aaf6b,/,/,99.36204147
56bd922ae5cd6ff8535389a1b28ce93457b01f27,/,/,100
ca836977d301229c4647bdcbff190cb91fe02aaf,/,/,100
92e350ea9421dda9cd8721dcf0aed41b76ab5b3f,/,/,100
b76451bac5b9cfa8e71f7084eff7855531e71fc3,/,/,96.0755814
cc2721c5e02f9c30ea191688f5ec21f102ff994c,/,/,100
952d1d61a9271b08749d00b9d17ea4eb74cead8f,/,/,93.73177843
7a5d893bc2f2573e41c1ec5162c607b9698a5219,/,/,95.11400651
00bc1787dc23abb41826a5ba7b144bcdb0798662,/,/,100
41c8509e03ac432659a28fb994bda499b77afae0,/,/,95.11400651
61955fb38d1c082da93f00f6c5a58b708d157c3a,/,/,98.53658537
7c8330b2e3d95fcb156c11d7605ae807f6e108ff,/,/,98.67109635
f7c5dba844f466847ba29d7464a5ada040d14d9e,/,/,98.16666667
8825f7010e1898e05da18f1f99670fcb4f734c88,/,/,100
e93b3cedc28e7d0d4641e5cba756c5aabf4cbfc3,/,/,100
8058cc7dcd652843e5dcd555c61730189c261519,/,/,96.36363636
c62bef3ffa5fcc78b4e712ff1016b1ef542f249b,/,/,96.36363636
02c2c5a2f71ed301205d926fe8042b5fdecab363,/,/,100
4b7573774086ace85a8750e7b381bfce97dd48f4,/,/,95.62289562
569fd8f1b2d3850866018465d214f6f0b5b8a7f5,/,/,94.45378151
e8188b1a3af9726fca9a1eb425d2713e594e8394,/,/,94.81605351
18ce570579c3101473710b0a8771b543df03eb10,/,/,100
d1078424544b0bc8e25c81d5b423b018ccb6950d,/,/,100
96baa98e21c090d6689d2def88695ec035d5b866,/,/,94.81605351
15522118c7a44e315a309cd93147ddc9d2dd1d70,/,/,100
b99846fce0ad08d6aab6b8f44fc4cd16a8457f9a,/,/,100
511d0ce1b200624a42bb187c1055d11424f8cb95,/,/,100
7df1bbebda2ac89f34b6b16205bc06e21352b6db,/,/,94.81605351
96fd5cdf091b574803446d74db2764fb4dfd2014,/,/,94.81605351
ee2dfe33501c020167d9647b31c26f064bfa6afd,/,/,100
d7157acf35bed02baf38349c28aa4b993e9a0ce7,/,/,100
30806a083dfcf301a6cdc041f15c28d1239499ba,/,/,94.81605351
44ec302d8765e72148545ccfcdabc9c485f3daff,/,/,100
5406e2d9a1e3ebc92c2ed9a67a218155007521f6,/,/,94.81605351
0281d840b24558401c0efa58860b5125f0d8f8de,/,/,100
ec8ec97dd8c1ae10d02e283977946918a39c77e8,/,/,100
dcf1fbcdd3601c2c74b803d24745cabd8e2298a2,/,/,94.81605351
b81f173c5e31d5e3452d4edc8e066952cd286975,/,/,100
a15091c7488125e3558c5344e93561e44b27db15,/,/,100
2871743f0a97edc47737c02205c68b0fba7cf9c3,/,/,100
168ea0d10e7ea84abe067dea8f0d3aaafb8c252c,/,/,100
6c989e8336e921d09828915b4bc1b4e09901b35a,/,/,100
b08c44bbe2e87a9012b5a34492e2775230e54979,/,/,100
0a0e38f57cbf95f572d531feb9f93d9ff1feb718,/,/,100
1138faacd5650fcb04437ea166d08f7036de92f9,/,/,98.80952381
5ad429a8e7f0a8abe4d9ef5005a3f813ef1bd1df,/,/,98.80952381
947e6ed830ee045396f0f0baab9ec5c0993aeea0,/,/,100
e6ff2dee61db1aada3a09e04613067c6c4dcc924,/,/,99.49066214
595b350dbfd91f52415e838a45ab71bdaa66020e,/,/,100
bc65b5bf0cec43de985a24aa38941e9751b2ac30,/,/,99.15110357
0b929e35ce241d6fcde35bc44957809fdfd2f8cd,/,/,99.65986395
3c8887f5bbce99b8a977efa23b8b36ce54cee622,/,/,89.66131907
90a97cbfa58b2b46eae667bf44c6fd62c4cfa4af,/,/,98.50746269
4d66ec4bf539b7ad301680b67b5f302690e3a116,/,/,98.87850467
53b516a3c1e3a1e412fb773f511a09a0a0c6af3d,/,/,98.87850467
366699703c19835ed3db45578578a353331daf5c,/,/,88.41354724
20fd43b2e4a08ad5a3a1acca44a5e22fb72052ff,/,/,100
0d1f931389dd44e13f7eba4abc2e7f02cbee3bc7,/,/,100
a1ca5eea59fbd33e3a6d88c399cf0edd3bd9ca08,/,/,100
7a1f4c926680a48050de1fe94daed4f3acdde8fe,/,/,100
176747fd8fc87a2254e8ba83f03ebfdf85b82c26,/,/,100
647476ce313663fbf1a9ba013ebc6b7cb3c6686e,/,/,99.32088285
593b89b7155644b26f42e973d51508e1484a967f,/,/,100
e814d5a031163604b4424066cb5cb43d1e6ab84f,/,/,100
dbf9249e0c7ec957c0f7ae942c4c0b4b91ed4b1e,/,/,99.49324324
78c7ad006e558077e16811a16c8b8e8ed56701b3,/,/,90.71803853
46d542e69d0f21f4b27d59375f6d8b97b4b0e9cb,/,/,99.44751381
f0eb64931371ca117381020e4a5b397e69d4ab00,/,/,100
05ed061f09b35896d0f5fa0aff9397b3aa9cb6f8,/,/,99.81343284
bd4d504f170b8c866a843b55a5260a4a58b0283b,/,/,88.58800774
554405929b06392cf2ce12b08c8e0142b5857e1e,/,/,98.38709677
dcdd700f7a872f8780527e53f7f8deec2a16f5f3,/,/,93.9516129
62eca610af04f9dd28c613176456623f2db2a88a,/,/,97.9757085
7f674bb0d7b062ff3867100628a74707fa9340db,/,/,99.79591837
a703b4c5c552dc97ab72b89e70c82d155605b50f,/,/,96.21052632
8047c2d7939ad537cef133c1953779298f45551d,/,/,98.23399558
ff403855763f434d89b65276c38d777c7fd82f6e,/,/,100
07f4e720378fef2b480653ef95cb125f4c249109,/,/,100
fd45a2285c07a963c33f89a1f896f42dc1fd1507,/,/,100
cc3a4cf293b127cc41c98a15a85307b584ccebfe,/,/,100
de5e88d89131ac953752f3e4443e1b56fbbfccc7,/,/,100
e5a633e8b70f9b07e0fb14fe210424af1f6e712e,/,/,100
0b96eb61ce903aa3165365fd62fe250090e30ea9,/,/,99.3258427
84e54305c8f5f3690dc66d7b5cd4e847e083d3e6,/,/,100
8e4b7f70f7a97c7f9f706093e3a7eec93094cccd,/,/,99.54751131
5022b2c609aa6eade7c0ce4618485c7b6f40add0,/,/,93.33333333
d7d9f818090cdb8cb4b4f2a01378ddc89d789cae,/,/,100
f84c690f6b103b881796acbd7d0c3aa036522469,/,/,100
ec75e7c74be92adf267fe7e6f1945d14c3904da0,/,/,99.23664122
27100dd7add27fdfd9a996edcc8c55378d638e56,/,/,100
f97c74b2397228c81f2992736762eafdc8ea906c,/,/,100
475ad85747a2750f5657ae4c9d63df2c58cc9ed1,/,/,100
ee6c8f15b12536b27e42f6d68cadd5eb705a16be,/,/,96.62337662
ab6ba20efa914d39b186d528a7d208d0c067e417,/,/,100
bb7c0c53a971ef17798252f7e674ea458c008848,/,/,100
32e8ddb04236a4ea7f5283fb66b6480d29d58b8a,/,/,100
802cd6a6ebba0d9db989d74dfd6b17f39cdf24ee,/,/,100
ddca0a61366e93bd2465ecfd561fd565e1f2506b,/,/,100
ad1602fe1710f8136cafe6d3dee2dcf64dbeafe0,/,/,100
7ea1d88800cd58d11005c17b47799ea7020c4d02,/,/,100
5568955794925c8faf2b4f74eb58349733611c04,/,/,96.61458333
ba0d7bcb06ba23c5bc8219284225f2c89e50a69f,/,/,100
42231451bfc010313e0bdd815b7fe08ddb2d741a,/,/,100
7f0d2b7ec42aeac9ed33c4f68bf69ef107aecc68,/,/,100
a43bdb7cfaa2ef57cf3316881c03016b5c36ddb8,/,/,97.60638298
90aa25de5d1275905b3fe177eb8d0bf352b1b7df,/,/,94.05940594
5d6c53231da431d579231fdba4f4f6b7b5364937,/,/,100
ac607309962ecf02c77adb83283b9832f14c2d74,/,/,100
06ecaa671a3b0ae829104f5702a73e014a95e817,/,/,93.1372549
e311f2d14a8a1b1339ef6ad29fa0741062ad1113,/,/,100
6db77882c19ea9686e2ca2e0e2bfb1009e3192ca,/,/,98.10298103
253df9dcba50e01b759fe752cbd77ee1c95dd54f,/,/,100
097de21627c9233c363edc6259fda5bd1e8068f7,/,/,100
b77b57f9ffe34c8f99c3243c539b6d120d5d863b,/,/,100
25523dc6688e0b9303b24da644f667c3c871969d,/,/,100
1b6ffbb68745f30e1ddde2d766f1b20073e4b5b4,/,/,100
08ac35d9822e20880608f80cefe0a589d54d6db5,/,/,100
ac4dc7fe049e85bd432886f1f7c8f57ca1345af3,/,/,100
c1489a34869b89168aa51f1cdfc60c5df4e4ae0b,/,/,100
ef9e5c354966ea57c5dd36005e33d76056a98a8e,/,/,100
14fc841cdf911809f08bc6bbc53ae66041c5c5c0,/,/,100
427f6f26b7881ebc97d3966fb9e087b66c1c9c3e,/,/,36.69250646
f5aabdb05d1ef08b17b9774af654199c2ac9933a,/,/,78.3042394
e6ca4d67883b98c31c3fd57089fc0513d8d2121e,/,/,100
07a8b20792929a87e8f2a73c105a5f1917b69134,/,/,100
387a88a51cfe48c27807c432a05389fc67d36ce3,/,/,100
d148d270457cf726879ca74d1079a4a3525fe1b6,/,/,100
f6f38d3104ae4eb92c2f823c5bccffa208cb7133,/,/,100
9344ddcf33246fd5858c1132c79c90448d5bb2d6,/,/,100
1a7f8235e34c17ec1690a3912e479924435da228,/,/,100
2232076dad8da758da5382fb8b5e72492caa6b61,/,/,89.92974239
920ee29cb8df80cef283a8bbf8a56f2e7a5e668c,/,/,100
e5503ef96e58627f9df975575209c253d89661ee,/,/,100
646e61c7bd3557c2adc5e54659db286b56dc088f,/,/,100
8906358ca63fb9bdb8c9c5cbfbbee3789ee56fed,/,/,100
9019595845dac946dc8492ff676bcef8a5ed46aa,/,/,100
7493a7596335ff849eacc0771dc7d7c52b70f24a,/,/,100
e1a63fd3de594f8b619b3bfca586268043e65bb4,/,/,100
2aaef7534372d56d52b3ba944919ecd377dad344,/,/,100
bb30d00783bb7264a6e8237bdbeebd513db7cd88,/,/,98.7012987
8a07f09be6b4230e97ff0f4abb3d99df837943be,/,/,100
b360ee96db11fa04bc053f457c0133cc9eb6d950,/,/,100
5315c8ff077429018a416284e0cf969f8521a921,/,/,100
32d145973c4aa5b85ad40e5df507ae8eb4b563f5,/,/,100
f647480c6780e4aa5faf97219c2a3ed556277096,/,/,100
b53433ec9bf1c8afb5c38a0d3e163b581e60fa19,/,/,100
474f460a0007b9fa9a448f2d80427959d1172068,/,/,100
3c956b1a314bbe6bf54f13e11f5009eb81eb258a,/,/,100
80f355ae6117aa1d47a8bdf3c765c78bad63462b,/,/,94.34782609
0d7f87c2b5c070687d8b7d9669546ce990a6d051,/,/,97.17391304
199b558d23afec6d1d7607b0d7587146b2bb13e6,/,/,100
5117a951554801866da3b4c3763916fd46188b7d,/,/,100
ad8d7881211b7e8fbfaa0b9e42634fdbc11f42e9,/,/,100
5deae3d59243a61140cc216f39356c12c2914179,/,/,100
a9fe0d475101e743189bc4d305792f0cc726d495,/,/,100
b086dfbdd3b8569eb52d56cdc420cfb7b0670044,/,/,100
2e13329a2ba2031da721d3844fb68a42b096dc75,/,/,100
44b7d693cc0113539aab5667769171a53f28a93c,/,/,100
ec6a2a23c55e3fcd51ab71fec9edbfd4fb70e294,/,/,100
c9c3301b6fe8a4858951d98482789ae2b55a062d,/,/,100
c912d522f7f6fc629cbd8388b45a75558d8bd9d4,/,/,100
ce84dc70e358327def9600851557b822968812f0,/,/,100
8d731e1d51169ce18d38685033c93db7aa17d7a9,/,/,99.13232104
9445b0f9ad88c81d147e4d9a9de67121cb47326d,/,/,100
ddc4f70c711af135a86ad14d84ef53b5c82bc503,/,/,100
2adce0c1c13af172f9be6c3cd0cda1431c74d0b8,/,/,100
dd5f865f50cd9c7596ea822da9ceb7dca121f391,/,/,83.08080808
1e4dc8be57f5564988809c93006eedb3745aea27,/,/,100
7ca462e356e4b7048e2f80849a105b7fae530332,/,/,100
54d84c9c9e578117081e49cf5a1faf7503308743,/,/,100
99ae47b08155d322c306a451259296caf67d1da8,/,/,100
8d134899a464d1bcb220ad0f6474a5a72311294c,/,/,100
85bd7fe1e210e59842181f387b41d57074ad4305,/,/,100
33d835ecd3b6db2338031bd7f15d633f5ce2d051,/,/,100
a74846d9c1015766a0fd966706961d8f0a9b0018,/,/,100
c46fbb5c9e27e53f23c7619dbb3d65365c7fe6c6,/,/,75.46583851
de58eade675466a784f6cb7947b272cdabcb9c72,/,/,100
f0100da49494bc5721d6d669f176d83c29445450,/,/,76.80722892
50062eac96ff40ffd229610324c1bf4059a60017,/,/,98.85714286
338746ff158dc44a81adcdfc1eec9bd6af4ecff8,/,/,98.85714286
67cb4e0cd9dc430f9468cb787830b7094fc24f57,/,/,100
f0ca01d96a836f91d05ff7c6f88530fa2a893158,/,/,100
8861822b553589946e98688aa45ba964895c0ff0,/,/,100
847921ac5cec71bc1853854b3fb2ad1a581d75b7,/,/,100
64ea403ad14c2b9bc4ae26b0a641b0c837fc75db,/,/,94.61756374
03950e3dc0f298bdafe0ed6746b07e4368fa9948,/,/,96.90140845
3fa7a704c389d7ace962ab5f44641e2e8819a539,/,/,100
fc6eabd4bed624b79dc45e7755aa1cb591eb0c02,/,/,97.6945245
0a8e246e4c22edccb9f4f78490e740ed725809de,/,/,100
92accba2666b5a730f4590540ad117db9d8e253e,/,/,100
9a544f58049e37005811e2fa2fb3fac8aa3e7802,/,/,100
8c947f784f7395c465a24300ba23fb24bd0f2007,/,/,100
6eea3255b888a657c111626637b5f5b3b73c35b9,/,/,100
c6fb3beb11be30a2ee49d9ad92a500824e0b9d91,/,/,100
5da8403e6024651284290a20889cccadf7ed2a7d,/,/,100
1f066ad2e5c1478d43bf3ff47b1839aa622d964e,/,/,100
9747c85b2f1dd0a927554bf509156dfa78220153,/,/,28.32244009
fe2bf78ee396242a2925978c8592019b9392757a,/,/,100
6411d55cb1b4bc9cd3bb1d2801f78ed7f4e8abd5,/,/,100
aa0e0933fab9ea02188500024ba5927406a48180,/,/,100
9045517a858434586b298fa5bc6c68744c2384d3,/,/,100
6664901c51bec1e48c358b31ce0b5af52b283e2e,/,/,100
0e7b05b10a3d3e0a94d9929ca231b8bf3e404bcf,/,/,100
e4fed4c7a9c191108042485f8d4e3a0d6efd7246,/,/,100
46e174814a82eba36ba79e27b4c02e0259266c61,/,/,100
86ec79a88338d7353e2834d920f2d336a88354a6,/,/,100
0ecad6e2f85cf5bc289d4a850224071621f67947,/,/,100
5d49516e3be03c823da11f79e7476cfe125985a5,/,/,100
07d2a533ef24ffd8913bdfac163838da39f6f3d0,/,/,100
952b70c93130e8dd278309fc0ee68bf97d23ea99,/,/,100
2158d7676492738286b6691390fec8a448544468,/,/,100
88d3ab56b7770da1e82ff4ea67218256fcd781dd,/,/,100
323cc27f09c6c201e5e9099a6de72f5451969cad,/,/,96.94214876
7fe9c81b2808072a0aef04a926d871f35adf36bd,/,/,100
ba51de58f97c5f9dc22855ee76c6df9ca63d5c5b,/,/,100
a2f171aa16e07574b9b588c76d86814c9dadcd3e,/,/,100
b324a0d3c06ed5d2c9dd52e01bfe30ef2942d36b,/,/,100
acbbe3007b26a1f44377b418a5e06c83aab939f5,/,/,100
91bdebc19f4d76d8e258065f7d628b397014987f,/,/,100
51f136cc59dc35932bf915c31a68971fcb3f134e,/,/,100
71c1c0fb2191cf7782c45b7249ec6e5f07ef150a,/,/,100
6ca71f838321c0e83cb95168feee3097fe0b84c0,/,/,17.47126437
3f8b71391fd783f0734f5f719e560e84960a19b1,/,/,100
3c840e136fbfdb772b75a0875eae1a34d8d83b41,/,/,100
0f783746d1c9e6274571cf3709b88e81d6cf10d9,/,/,100
674e7c9bba5a4df3a7e0545befbb94adc69089ef,/,/,100
ed2f35d3d901950ad998309b51496ff8fb1bc64e,/,/,100
e01a446d5d9b6b042347717234034ccccf532d9d,/,/,100
7eb1997e5960fadfe5ccabba96dbc9d45fb1e2c6,/,/,100
ccc69f40ab625c9f4f672cf26f24635e8bba21b7,/,/,100
f36cf76c4bd8ee1ab46c63a3458312e4b907407d,/,/,100
03d5333bb5a9d056b01f6d17fbf78b97bf7acb4f,/,/,100
84e85117affb4bf95da310588ab920bf5450db59,/,/,98.92473118
d74df010b912b37e4f39b0528dc6ba3db5c38a65,/,/,100
3ca15bb52557a136faf8e2de3f3854af388aa5ee,/,/,100
ac21391cc9a3308ca3574c502e43c86f69d8c321,/,/,89.50276243
7ceb6c3f618d3fc65367bed5a48eb9d614e3a33a,/,/,100
c87910e30d440a45a6514d4e85424d82636bee94,/,/,95.97701149
0ead02b8ccd065a8355e1b91ae36bbdc1a15e019,/,/,84.81675393
2ef688768a0d5a7390cb48e8365787a749ded5fa,/,/,100
c0efd187cbe6ce3f4f525198320f21c7e99440df,/,/,86.5470852
27a93a4dbdf3b9f5c29665114610e153af4f7b86,/,/,92.21311475
6240125c31b62346c7430db3d4a8fa6d583eaa78,/,/,100
07a68c17a8e628a06ab22492b4cbd0466562aeaa,/,/,100
abab6ca5a9727b3b97062a86c350e81723c0cec3,/,/,100
a7df53f7633287be043060c87067473abf9fe812,/,/,100
f6f17cd562d9214eee47bffeffa19859b918349a,/,/,100
f1136e6a5ac7b5f812e416c91d1551f12f52e240,/,/,100
7b92720d509675f302a33fb3411c88b49e0a0f0d,/,/,100
2924243a37e565886266b88fab0ff2cd0098fc96,/,/,100
81cfc4e5094a7a82f702a312233eb19f9ea971b1,/,/,87.35177866
7317aa48d3915ab87ed0a3c43f470f3964f594a9,/,/,84.07079646
4c9a058170240a549123fc6a7cbe4f159a448b43,/,/,100
1f51fb8ff99e648a24ec8a412a9dcecbd0e0eb53,/,/,97.98994975
196ccdf298cea9d6a01f60c095165286d0da7855,/,/,99.01960784
caad556c1d04e6a9e5d26e864eceee3dff8db336,/,/,99.03846154
630d0249896ef4fc40015f8eae8948bb5a64a530,/,/,100
8525fd41c52c1c467c32130525db7f5fa6b1106a,/,/,100
68a6cd44a68cd9be0fadd2ba9e399cdf9089f8ab,/,/,100
d6c6d822f07e021b977a81063823c0d0fe892de9,/,/,100
d29865ad8f10c4bb82f1685f1617a0e6e7d0c96b,/,/,100
ec615d4d3d4540bb225fab604e64652982da683c,/,/,100
09b0a843f9155b45629ab0b1e7beebc9db55b061,/,/,100
bd6008de63326f6cb7fdc6c8ecc92f14306a36f5,/,/,99.03846154
e811e2da4c3d0c36536bcb0adca0ba5feebe3987,/,/,99.01960784
35875308952af145eb7326fef88c9fb8155b2679,/,/,97.98994975
07c89803fd6b7173ca50a651c4dfe6e97524709e,/,/,100
811344eee9f5587a73f449aed13070e804e064b1,/,/,97.98994975
e739c9aba2529babe10208dad3242b2590751513,/,/,100
4fdd051edbdd5f6547abcf7080484938e3700342,/,/,100
269ab56a663c954910cb59803655aed5457c8d2c,/,/,73.45132743
8d7dd838a8f8146fa6acc492e1fdc52d94da5794,/,/,66.80851064
ae22a0a206b8c8aa701f99a89d5ba243c6694287,/,/,66.80851064
0809915f42a2044ee25fe7ac228bc1b2852fa0a8,/,/,100
7ac71c61fe5df026941ac8733b68149d58d45260,/,/,99.19354839
cdde0f389839a533d20338933d98d5f25416a2c2,/,/,100
a77f7cc33cf645fae1c5b51a73d404833672183a,/,/,99.59349593
67240b3c18dadd92a442e18f7d9721cabbbba464,/,/,96.23430962
1214870fad759e918a9ad60bc08d8db085f2f0e4,/,/,94.82758621
f84bd0ca8f0f9196f1522745107dbfe0bcf15e87,/,/,96.42857143
ddacc61f3ac584f12a0c47afa8951cba7137062e,/,/,90.47619048
4b090042788947b3ef463e1d02b05f208513a313,/,/,81.53153153
6ecc266e40cf29d6fd6a091764fe0abc4155cf1d,/,/,71.75925926
c68d23d538fb919cd03e61552c61eb1f06ddec29,/,/,97.26027397
3b15bb4f816516842718293964478bf3f06661ba,/,/,98.63013699
aae6fcfa239b51b56d5c31da1670b4b23a9bfdbf,/,/,98.63013699
2f2e72c29523d1305635ee66242ac97179047dfb,/,/,98.16513761
0aa56ea1bef4d6a5a6cf56fc69116a182cccc783,/,/,100
fc775da0c798bb63014130a4ef2ed7c9243eca72,/,/,98.16513761
8025284d60f3e973487abf7b04e80e6a9e7801c1,/,/,85.34031414
355a3cc0504147e159072044de3b01d864709d98,/,/,100
8d91b2fdc9983040154f64396dcb8d8027df2cf1,/,/,94.9044586
d0ccc5bafe222e9b9dab6efc54cf75ed8b753d46,/,/,97.33333333
c8522bf6fa4113e7d0abb8e7d2fc2a4af46d4859,/,/,82.78145695
cfea8a21e6f6adbd00c44e659eb15bfa954bb8e8,/,/,100
fed5dfec4ea8b9f4be1f89a04c07e25b087f7b4e,/,/,100
421802f8c191ab7d650ce7754c1267203ebd7783,/,/,100
0675050f204425218166c248ab8c1001ffb43a18,/,/,98.66666667
914964baadbb92ad85866e716205bd22107fd7a6,/,/,100
242674639667fb6b9f43585025a0b474a5b70d23,/,/,98.63013699
4fa3de30101053e655c51ac248224ef1f5ab386c,/,/,100
a59f8a2525895459c5269700c557c2d41fa70392,/,/,100
86d3470845ee35aa0c48858987a4a4e3a7b8ba5c,/,/,100
ad8f475f3bd49277d78c76fb9eb367dbae50c692,/,/,100
17027004574527b56afec617abd745d59ec5a248,/,/,100
eb5e31ed89cae4ebcafaa7712659aa19e6a02e6f,/,/,100
ac7c76cb6523366be8c18ed4bbb9e1a1de71d3f8,/,/,100
8f188b457e104847121c4dfc2cfa814463a965a3,/,/,100
5873a68119786f79404975ad038583215bce93a5,/,/,100
8fbc36b8914e6d2f4f9cac64f824af61e5e701b6,/,/,100
d99c884dfe24b05160cc66b5810d9664557af3b2,/,/,82.53968254
57a9675d2b29a8c487e0af11c4ef4a7e2adfaa62,/,/,100
4f286a356c4a184d9ff12617737c89152afa8f6b,/,/,97.14285714
73d9024d147e28f11110630aaabf0872f672eaa2,/,/,96.22641509
e45157b69459a6207100dd5757267becbc94207b,/,/,83.76068376
298ae421064851aeebe70bd8249ec6302c80a813,/,/,100
6127bb1e6ca9f8c1c478b5d11d03e66330ca2daa,/,/,100
04a8fd6d9468c4f4f6ff4431084c5646d494ad74,/,/,100
50178854d6b53a2fa5e1fb75ba38b26057882c87,/,/,100
ad81aa756847121c6948b3d771c8c9256138c6ed,/,/,100
d33b638a93fc556cfa0e855fc6abfa3872a5122c,/,/,100
8bc83337b4b4b7b0f1ed5f57e6d6e992d3080b23,/,/,98.33333333
c34519e3b4ac5033b1eb035780b4fd17dcad3016,/,/,96.46017699
0b98c77a6ce51482868a91c30021036186f6144c,/,/,93.2038835
049a35de373b74f64547f3b5538b54ce259ba394,/,/,100
5a7692b11be6b78ad23a623cd686206763eab558,/,/,100
6b6b2cfce527b24a2394e4732a48f293aced525f,/,/,100
f085e1fdb50665bd012f5a132f295ec394731e83,/,/,100
93ecdf71624da887777211774b071039103a8c29,/,/,88.37209302
893ef82b597b16fd74ef9530d6d5ea28cf642136,/,/,18.66666667
f6db1df94d271e4a8fe1d26a254809aa1d63fffd,/,/,100
1cf7c9d4ea375dc2f75537541a42e8836941c2c6,/,/,98.64864865
9680a12451ead4c7dba9068853458da90638cd67,/,/,100
8652cef27775dd29dad65fa54c8578a5bee131fb,/,/,96.1038961
798840f830c0ad629f07a01cc8da3ea1c7062eca,/,/,100
fec0d8ac766432a8b157d6cb5159cf8e0bbf1a58,/,/,100
25bb618e8dbbe5884085d634e90bf7d638644799,/,/,100
e90f469fe69e6a84abf33645d53cf453f7c4601d,/,/,100
e68f96c47df15de24a1bfbb481a430d5ea1c7444,/,/,100
5bf34e736efbecaf1634025d41468b261b7898b5,/,/,100
bbcc4f0a40e7d39414d8b5bbd151e878ca012598,/,/,100
67758e0515ff495b6661ad8e63973fa717f9b037,/,/,100
d445c835bf06184e88d8d953f167125fcedcf874,/,/,100
fbe547335cf1cbb005e6db82237a0afb3a6c7ed6,/,/,100
0d75728fdf38ca6d584831b9b6828994e3b3bc62,/,/,92.40506329
d98348739828769a04a02c4cf87694ce9899d294,/,/,100
3c585d9dd9695bbafb8aaca2940fb5f248a3686c,/,/,100
0ba749b45a6c2b7d1cb7ff1f60a438436dd7b925,/,/,100
2ccd3efa0600a5955c105c31ab28a56afbff7dd3,/,/,92.95774648
f8da125512700a5adf0219c8389fb36742eefd67,/,/,93.5483871
a69299f6b980758605c4f1705f13df21f5acafb2,/,/,94.73684211
1d400ba4c819157d20477dfb346dc676e73123e7,/,/,100
8b939d81c448ff39ac015b7461369b3550d2e6b8,/,/,100
4855cbfb41bccb428819f1eb85c05397e34732f8,/,/,100
27494df67cd919adb8cf4a6c45a5464e4bced352,/,/,100
177a3d2a0aea749864ddabc6b96d6e7c65b08d7c,/,/,100
1317efaa34b5a961029e7fbaee5cc402bbaa8995,/,/,100
90c545d475a19fd36669693b15aacdf65d047ea3,/,/,100
33d25d594c4bc9496a19d0d8a3fef23045478016,/,/,100
6c1a29b82adf34dfc232662fd31e86adf005bae1,/,/,100
778ec09bf0ff9e35b53ebe196e1d62fa10ae1d55,/,/,100
759f5c22ba15087097fe6bd774a0b5048ba22676,/,/,100
15b89162206b29accd286724c63f65a94fd5685a,/,/,100
58e7c34bf3ea6caffa70029856765afb9129bd05,/,/,94.44444444
b1788b3c9af81e3d063de4950b13727b30e35bde,/,/,96.2962963
cf363e216f4d2187b51e779437d8001fcd906fba,/,/,100
1a2e602a52f8dec388b20f9b8cc9698dcdf29b96,/,/,96.15384615
f04169b6264ceb756c130f8a79282acae5cf78a5,/,/,94.23076923
383aa33953ae4f68f830d3e80893493ef70d2a08,/,/,100
a963345a56bc8ed57b91db39bf63607647d8cd30,/,/,100
2e7c83e75c7b799ccb14dfd521f64b02e0933382,/,/,100
15dd494e677e4885db603c58b1033cfd0a7f9d63,/,/,100
29b9e2e0510154261f400bc25d53f4f946fba5b9,/,/,100
87654a6897d57bb5521363fc122791dd27fdff6c,/,/,100
094f2a4f6333f5de82fe7efe55d97609153e6367,/,/,100
74949488b67d6b64dec8ca50ef942a89e0bf9e31,/,/,100
f90bc3447b09805a66398d39701eb3a1d29a3420,/,/,96.2962963
ceea1c2226ddbb4f062236242b800db7cd26cc99,/,/,96.2962963
6bcf568b75490f75d719d264f24049fcb091767e,/,/,100
51a62783645be0fd7d092d20c52c470cfb590b36,/,/,100
4be0f52be9b242b6340ec6705c3e05a4c9e5197d,/,/,96.15384615
720d80247f3185dc67ca2fb930a5dbfc5d1a0619,/,/,100
08ed6d1b2f96b0b0a1b9b7dbaaed0fec3c791d88,/,/,100
4d8f04f673b0773539f955f241d0ef098561c51e,/,/,100
4370752868ca724d50ba1a0a06cdc003980e9d3d,/,/,100
683b7ecb730313dd6f02adbe6665239349af416b,/,/,100
4b220333134afc0b2b3447f697b925c848caf1b8,/,/,100
e100d1f500c433b133fb9fa3f60ffb2f67c96ae2,/,/,100
dec70940e91a8308c0c842d67275e1e9c8ce382b,/,/,100
0eaa1bc72fd494e8c5f14769edd59f34f69091c2,/,/,100
77977138dd8dc7e7a1bd7cb00142c2f35a426ad9,/,/,100
96dabd0ff78accd58098b6f351b091598fdc910a,/,/,100
6f83187af00d739ae10ca13f3b1603c34c7039f9,/,/,100
f258bb831a1dd6e7e7807b0a224d17f66ee3d1c2,/,/,100
a53c9a5d06767276ace353a6e54ff324a14f20ae,/,/,94
