NMF,NAD,CFC,NCC,NMC,a2a
47,28,23,1884,24,3.846153846
49,21,30,1360,20,5.504587156
21,0,0,0,0,100
10,6,98,4014,35,82.40740741
15,8,13,791,13,84.7826087
3,0,0,162,0,100
62,25,132,3057,24,7.042253521
67,32,221,6087,52,7.947019868
65,25,237,6966,65,7.947019868
6,4,27,1866,25,89.43661972
71,32,215,5692,41,14.94252874
3,0,6,457,3,100
9,0,14,657,5,95.05494505
71,31,234,6423,50,6.097560976
80,39,229,6943,45,8.839779006
78,31,239,7263,55,8.839779006
80,39,229,6943,45,8.839779006
15,5,43,2067,31,80.39215686
0,0,0,0,0,100
0,0,0,0,0,100
7,3,94,2605,26,80.55555556
14,2,37,1188,9,82.53968254
2,0,2,58,2,100
55,0,545,22009,134,30.44982699
35,35,285,13608,174,71.68367347
0,0,0,0,0,100
4,0,0,0,0,100
57,2,548,20081,137,45.34313725
1,1,2,639,2,96.03960396
6,0,194,6352,121,98.03921569
5,0,24,807,13,98.28850856
8,1,28,910,16,96.74418605
7,0,6,172,0,100
4,2,9,440,7,96.37188209
3,3,131,5427,72,98.39816934
0,0,0,0,0,100
0,0,0,0,0,100
0,0,0,0,0,100
10,1,55,2047,19,97.99554566
9,3,38,2426,21,97.35099338
1,0,0,361,0,100
1,0,0,6,0,100
0,0,0,0,0,100
1,0,0,0,0,100
1,0,0,0,0,100
1,0,0,0,0,100
0,0,0,0,0,100
0,0,0,0,0,100
0,0,0,0,0,100
3,2,11,310,11,98.21826281
6,1,42,815,15,99.33035714
0,0,0,0,0,100
3,0,89,1152,66,97.33333333
10,3,3,815,3,93.12638581
10,7,3,815,3,93.12638581
0,0,0,0,0,100
2,0,2,16,0,100
1,0,8,117,1,100
5,0,9,437,7,100
3,0,10,133,1,100
19,7,10,456,2,90.13157895
3,0,10,133,1,100
2,0,19,570,8,100
3,0,0,0,0,100
1,0,0,57,0,100
0,0,0,0,0,100
0,0,0,0,0,100
0,0,0,0,0,100
4,0,2,49,1,100
0,0,0,0,0,100
0,0,0,0,0,100
0,0,0,0,0,100
0,0,0,0,0,100
0,0,0,0,0,100
2,0,7,838,5,98.03921569
4,2,9,877,6,98.03921569
17,5,90,3892,40,93.11064718
0,0,0,0,0,100
31,8,80,3697,25,89.5049505
32,7,82,3809,26,89.5049505
0,0,0,0,0,100
33,8,82,3755,26,89.5049505
0,0,0,0,0,100
0,0,0,0,0,100
1,0,0,17,0,100
15,0,33,976,24,92.36947791
41,13,128,5228,60,84.98985801
40,8,128,5228,60,85.59837728
28,3,92,3962,43,92.85714286
3,0,75,498,74,97.59036145
1,1,0,11,0,99.6
14,2,20,1680,8,93.77358491
1,0,2,300,1,100
1,0,1,62,0,99.82078853
1,0,0,135,0,100
1,0,0,0,0,100
10,0,56,10053,72,92.83154122
0,0,0,0,0,100
13,0,1,12,1,100
0,0,0,0,0,100
16,1,4,381,0,97.49552773
13,0,1,12,1,100
0,0,0,0,0,100
0,0,0,0,0,100
12,1,4,316,1,95.89552239
8,0,34,1780,6,92.76190476
20,3,47,2342,52,87.36263736
3,0,11,529,2,100
3,0,3,596,3,100
6,0,8,585,3,99.64285714
0,0,0,0,0,100
4,3,56,5723,33,95.32258065
2,0,0,0,0,100
10,2,9,781,4,98.52724595
2,0,0,14,0,95.67233385
0,0,0,0,0,100
3,0,6,221,3,100
1,1,13,1634,12,95.1986755
2,0,0,86,0,98.99497487
0,0,0,0,0,100
7,1,13,1049,5,98.99833055
3,2,12,1093,12,98.49749583
4,0,0,7,0,99.32885906
21,4,17,530,1,89.05472637
14,3,20,1696,13,95.90163934
8,0,6,354,2,97.55700326
0,0,0,0,0,100
19,3,83,988,66,89.79238754
17,4,101,2295,76,87.82051282
22,2,105,2391,80,87.09677419
2,0,0,0,0,100
17,4,101,2295,76,87.98701299
23,4,97,2199,72,87.09677419
5,0,4,96,4,98.68913858
17,4,101,2295,76,87.98701299
10,2,2,210,3,94.44444444
0,0,0,0,0,100
2,0,5,138,1,100
13,1,30,2185,18,96.01837672
1,0,0,1,0,100
5,0,0,28,0,100
2,0,7,434,2,100
3,0,33,1565,7,100
2,0,3,48,1,100
2,0,0,2,0,100
9,1,3,64,1,99.375
2,0,3,46,1,100
1,0,7,412,4,100
45,0,0,0,0,100
2,0,2,31,0,99.22600619
6,0,3,467,1,99.07407407
2,0,2,31,0,99.23076923
2,0,0,0,0,100
5,0,21,402,6,100
3,0,0,0,0,100
1,0,0,13,0,99.84756098
10,3,20,1189,11,94.1089838
4,0,10,753,3,100
1,1,23,2181,14,95.93613933
1,0,0,0,0,100
2,0,7,300,5,100
1,0,0,9,0,100
5,0,0,50,0,100
1,0,0,10,0,100
0,0,0,0,0,100
0,0,0,0,0,100
1,0,2,82,1,100
2,0,3,45,1,100
1,0,2,82,1,100
7,2,41,1194,11,90
8,0,41,1194,11,90
7,2,41,1194,11,90
0,0,0,0,0,100
1,0,0,0,0,100
6,0,5,192,3,100
0,0,0,0,0,100
2,0,0,30,0,100
0,0,0,0,0,100
6,0,5,258,4,100
6,2,1,109,1,93.20557491
0,0,0,0,0,100
2,0,4,402,2,100
4,1,19,1929,11,93.84615385
0,0,0,0,0,100
0,0,0,0,0,100
0,0,0,0,0,100
0,0,0,0,0,100
0,0,0,0,0,100
0,0,0,0,0,100
0,0,0,0,0,100
0,0,0,0,0,100
0,0,0,0,0,100
0,0,0,0,0,100
0,0,0,0,0,100
0,0,0,0,0,100
1,0,1,8,0,100
0,0,0,0,0,100
0,0,0,0,0,100
0,0,0,0,0,100
0,0,0,0,0,100
5,1,79,3504,21,99.34318555
1,0,10,169,10,100
2,0,30,852,0,100
5,2,24,2196,12,98.2171799
5,0,24,2196,12,98.2171799
5,2,24,2196,12,98.2171799
1,0,0,0,0,100
0,0,0,0,0,100
1,0,0,2,0,100
1,0,0,0,0,100
17,7,39,2574,23,95.44159544
11,2,42,1597,25,99.11054638
3,0,17,1724,12,99.74747475
1,0,0,5,0,100
0,0,0,0,0,100
6,0,4,700,3,99.13793103
0,0,0,0,0,100
172,8,667,19391,89,57.96344648
4,0,0,0,0,100
3,0,1,9,1,99.57081545
1,0,0,21,0,100
5,0,7,1305,4,100
0,0,0,0,0,100
0,0,0,0,0,100
0,0,0,0,0,100
1,0,6,191,2,100
12,0,24,1346,22,98.69375907
0,0,0,0,0,100
0,0,0,0,0,100
1,0,1,164,1,100
10,0,18,1577,10,99.55621302
0,0,0,0,0,100
1,0,1,17,0,100
2,0,5,115,4,100
0,0,0,0,0,100
2,0,8,205,7,100
2,1,2,379,2,99.70326409
21,1,23,418,20,96.60265879
6,3,49,3896,17,98.83211679
8,0,47,3841,17,98.83211679
28,3,66,3217,27,94.19087137
29,0,547,25486,262,84.53608247
1,0,0,5,0,100
16,2,15,688,10,99.36628644
8,2,27,3892,27,97.79681763
6,0,7,309,7,100
1,0,0,58,0,100
0,0,0,0,0,100
7,1,2,233,2,94.86215539
14,0,5,450,2,99.47089947
4,1,31,2049,16,99.60422164
7,0,2,160,1,100
2,0,0,10,0,100
3,1,10,1323,4,99.20844327
28,0,72,3766,47,97.16216216
10,1,93,7463,47,96.79218968
0,0,0,0,0,100
0,0,0,0,0,100
0,0,0,0,0,100
6,0,3,70,5,100
7,0,7,390,4,99.00990099
0,0,0,0,0,100
3,0,4,233,2,99.57446809
0,0,0,0,0,100
9,3,46,3714,16,98.73595506
3,1,14,719,4,99.44521498
2,0,14,719,4,99.44521498
3,0,4,233,2,99.58275382
0,0,0,0,0,100
3,0,5,256,1,100
0,0,0,0,0,100
150,0,5,256,1,100
152,2,29,1575,14,99.31034483
3,0,7,256,0,98.90410959
3,0,25,1352,14,99.31034483
3,2,25,1352,14,99.31034483
4,0,4,177,0,100
155,4,27,1838,11,98.37177748
3,0,5,256,1,100
0,0,0,0,0,100
0,0,0,0,0,100
17,0,70,3051,21,98.39786382
4,0,4,177,0,100
11,4,32,3476,18,98.41688654
1,0,4,153,1,100
3,0,2,119,1,100
2,0,1,1,1,100
3,0,7,402,3,100
1,0,0,34,0,100
3,0,0,8,0,100
3,1,19,2748,17,99.7382199
12,0,9,1340,9,99.47984395
2,0,0,6,0,100
5,1,1,66,1,99.48320413
0,0,0,0,0,100
0,0,0,0,0,100
0,0,0,0,0,100
18,0,12,761,3,100
3,1,1,87,0,99.61439589
0,0,0,0,0,100
0,0,0,0,0,100
0,0,0,0,0,100
1,0,1,17,0,100
1,0,1,17,0,100
6,0,10,14,2,100
0,0,0,0,0,100
26,0,3,834,5,99.61439589
27,1,4,851,5,99.61439589
1,0,0,28,0,100
1,0,0,0,0,100
6,0,3,52,2,100
30,0,7,931,7,99.61439589
30,1,7,931,7,99.61439589
6,0,3,58,2,100
5,0,4,97,2,100
0,0,0,0,0,100
0,0,0,0,0,100
0,0,0,0,0,100
0,0,0,0,0,100
0,0,0,0,0,100
0,0,0,0,0,100
0,0,0,0,0,100
0,0,0,0,0,100
0,0,0,0,0,100
0,0,0,0,0,100
0,0,0,0,0,100
3,0,1,107,0,99.22580645
0,0,0,0,0,100
0,0,0,0,0,100
0,0,0,0,0,100
0,0,0,0,0,100
0,0,0,0,0,100
0,0,0,0,0,100
0,0,0,0,0,100
0,0,0,0,0,100
3,0,6,399,4,100
3,0,6,399,4,100
3,0,6,399,4,100
13,1,16,1974,14,99.48253558
15,0,16,1957,14,99.48253558
15,1,16,1957,14,99.48253558
0,0,0,0,0,100
2,0,0,17,0,100
4,0,0,14,1,100
0,0,0,0,0,100
3,0,0,38,0,100
0,0,0,0,0,100
1,0,0,11,0,100
0,0,0,0,0,100
6,0,3,32,0,99.87113402
6,0,3,32,0,99.87113402
7,0,2,153,1,100
4,0,0,75,0,100
12,0,6,514,3,100
0,0,0,0,0,100
12,0,6,528,3,99.87113402
1,0,1,135,1,100
3,0,0,31,0,100
4,0,2,58,0,100
1,0,0,2,0,100
18,0,10,434,4,99.87113402
0,0,0,0,0,100
19,6,81,5873,39,96.56925032
0,0,0,0,0,100
0,0,0,0,0,100
3,0,1,70,0,100
34,0,102,6984,55,96.44218551
1,0,0,0,0,100
36,6,91,6307,43,96.44218551
0,0,0,0,0,100
5,0,5,190,3,100
3,0,1,70,0,100
3,0,1,70,0,100
3,0,1,70,0,100
3,0,1,70,0,100
3,0,1,70,0,100
4,0,2,109,0,100
3,0,1,70,0,100
1,0,1,39,0,100
4,0,0,23,1,100
6,0,3,149,1,100
8,0,1,32,2,100
8,0,0,11,1,100
8,0,4,193,1,100
5,5,31,1922,18,98.51851852
0,0,0,0,0,100
0,0,0,0,0,100
3,1,5,288,4,99.75728155
0,0,0,0,0,100
13,0,34,2036,22,98.27586207
3,0,0,46,0,100
0,0,0,0,0,100
0,0,0,0,0,100
0,0,0,0,0,100
1,0,0,0,0,100
2,0,0,0,0,100
0,0,0,0,0,100
0,0,0,0,0,100
17,6,34,2006,22,98.27586207
20,0,32,1922,21,98.27586207
3,0,2,95,2,100
1,0,2,86,1,100
11,0,0,120,1,100
0,0,0,0,0,100
11,0,0,120,1,100
12,0,1,61,2,99.87468672
0,0,0,0,0,100
33,8,54,2996,33,97.55201958
1,0,0,5,0,100
1,0,1,39,0,100
3,0,0,0,0,100
8,0,57,3375,33,97.6744186
24,0,2,345,0,99.87468672
24,0,2,335,0,99.87468672
26,0,3,933,0,99.87468672
1,0,0,10,0,100
12,0,1,510,0,100
1,0,0,0,0,100
27,0,2,433,0,99.87468672
27,0,2,433,0,99.87468672
3,0,8,541,4,100
3,0,8,541,4,100
3,0,8,541,4,100
14,0,4,282,9,100
8,0,8,639,4,100
19,0,18,447,17,100
8,0,8,639,4,100
13,0,10,192,13,100
13,0,10,181,13,100
1,0,0,0,0,100
6,0,12,357,13,100
1,0,0,36,0,100
2,0,0,31,0,100
1,0,0,0,0,100
1,0,0,0,0,100
4,0,0,28,0,100
0,0,0,0,0,100
0,0,0,0,0,100
13,0,14,800,13,100
0,0,0,0,0,100
13,0,14,800,13,100
17,0,12,575,12,100
0,0,0,0,0,100
20,0,15,694,13,100
0,0,0,0,0,100
16,0,17,919,14,100
16,0,14,861,13,100
3,0,3,119,1,100
1,0,0,4,0,100
1,0,0,2,0,100
0,0,0,0,0,100
5,0,2,225,1,100
0,0,0,0,0,100
1,0,0,0,0,100
0,0,0,0,0,100
4,0,0,13,0,100
4,0,0,13,0,100
4,0,0,13,0,100
7,0,51,1803,14,100
1,0,0,8,0,100
0,0,0,0,0,100
31,0,32,583,1,100
31,0,32,583,1,100
0,0,0,0,0,100
4,0,2,145,1,100
0,0,0,0,0,100
0,0,0,0,0,100
1,0,3,113,0,100
0,0,0,0,0,100
7,0,23,946,15,97.03791469
0,0,0,0,0,100
5,0,2,402,3,100
0,0,0,0,0,100
8,2,34,1222,22,99.44071588
0,0,0,0,0,100
0,0,0,0,0,100
20,0,62,2683,40,96.46226415
20,2,62,2683,40,96.46226415
25,0,56,2397,40,96.46226415
26,2,56,2397,40,96.46226415
0,0,0,0,0,100
0,0,0,0,0,100
0,0,0,0,0,100
0,0,0,0,0,100
1,0,1,11,0,100
0,0,0,0,0,100
0,0,0,0,0,100
0,0,0,0,0,100
0,0,0,0,0,100
0,0,0,0,0,100
2,0,4,77,0,100
0,0,0,0,0,100
0,0,0,0,0,100
0,0,0,0,0,100
0,0,0,0,0,100
0,0,0,0,0,100
10,0,3,173,0,100
0,0,0,0,0,100
15,0,5,4,2,100
13,0,8,239,0,100
5,0,1,121,0,99.88888889
1,0,1,34,1,100
2,0,3,243,2,100
0,0,0,0,0,100
0,0,0,0,0,100
5,0,4,331,3,99.88888889
5,0,4,331,3,99.88888889
2,0,0,20,0,100
5,0,4,331,3,99.88888889
8,0,8,995,7,99.88888889
5,0,4,331,3,99.88888889
5,0,4,331,3,99.88888889
5,0,4,331,3,99.88888889
5,0,4,331,3,99.88888889
8,0,1,555,4,100
5,0,4,684,4,100
1,0,0,1,0,99.88888889
8,0,0,84,1,97.31759657
0,0,0,0,0,100
1,0,1,141,1,100
0,0,0,0,0,100
1,0,5,14,1,100
0,0,0,0,0,100
0,0,0,0,0,100
0,0,0,0,0,100
0,0,0,0,0,100
0,0,0,0,0,100
0,0,0,0,0,100
0,0,0,0,0,100
0,0,0,0,0,100
0,0,0,0,0,100
0,0,0,0,0,100
0,0,0,0,0,100
0,0,0,0,0,100
0,0,0,0,0,100
0,0,0,0,0,100
1,0,0,19,0,100
0,0,0,0,0,100
0,0,0,0,0,100
0,0,0,0,0,100
4,0,3,128,0,99.89626556
8,2,2,199,0,96.3273872
1,0,0,2,0,100
0,0,0,0,0,100
19,0,2,331,2,93.84098544
15,2,1,559,3,94.49339207
15,0,2,485,3,94.49339207
15,2,1,557,3,94.27312775
1,0,0,74,0,99.79466119
0,0,0,0,0,100
7,0,4,145,2,98.33159541
6,0,2,226,1,98.4358707
0,0,0,0,0,100
1,0,0,108,0,100
0,0,0,0,0,100
3,0,2,606,2,100
0,0,0,0,0,100
60,0,54,5207,54,93.90519187
0,0,0,0,0,100
0,0,0,0,0,100
61,4,56,5486,57,93.20619785
0,0,0,0,0,100
2,0,1,39,1,100
0,0,0,0,0,100
3,0,28,616,11,99.88636364
0,0,0,0,0,100
3,0,0,119,0,100
0,0,0,0,0,100
4,0,29,774,10,99.88636364
2,0,1,39,1,100
3,0,28,616,11,99.88636364
3,0,0,119,0,100
21,0,38,2422,15,93.82448537
0,0,0,0,0,100
0,0,0,0,0,100
0,0,0,0,0,100
0,0,0,0,0,100
0,0,0,0,0,100
0,0,0,0,0,100
0,0,0,0,0,100
0,0,0,0,0,100
0,0,0,0,0,100
0,0,0,0,0,100
21,2,38,2472,15,93.82448537
0,0,0,0,0,100
1,0,2,97,0,100
21,0,36,2375,15,93.82448537
0,0,0,0,0,100
21,2,37,2386,15,93.82448537
2,0,2,47,0,100
1,0,1,30,0,100
2,0,2,47,0,100
0,0,0,0,0,100
2,0,4,115,1,100
0,0,0,0,0,100
6,0,0,161,0,95.04132231
1,0,0,72,0,95.34161491
0,0,0,0,0,100
0,0,0,0,0,100
0,0,0,0,0,100
0,0,0,0,0,100
23,0,42,2764,16,93.37676439
25,2,41,2653,16,93.37676439
2,0,0,8,0,100
2,0,0,8,0,100
2,0,0,8,0,100
25,0,41,2645,16,93.37676439
0,0,0,0,0,100
25,2,33,1813,12,93.37676439
4,0,14,619,13,100
4,0,14,619,13,100
4,0,14,619,13,100
25,0,47,2432,25,93.37676439
24,2,42,2799,16,93.66812227
12,0,5,332,9,100
0,0,0,0,0,100
4,0,7,276,3,100
0,0,0,0,0,100
1,0,0,0,0,100
5,0,7,275,3,100
2,0,0,10,0,100
7,0,7,285,3,100
2,0,0,0,0,100
3,0,1,7,0,100
26,0,53,2736,28,93.66812227
0,0,0,0,0,100
0,0,0,0,0,100
0,0,0,0,0,100
0,0,0,0,0,100
28,2,53,2803,28,93.66812227
0,0,0,0,0,100
2,0,0,50,0,100
13,1,10,466,8,99.42462601
10,0,1,60,0,100
11,0,1,110,0,100
11,0,1,89,0,100
11,0,1,110,0,100
6,0,1,122,1,98.85583524
16,0,1,28,0,98.85583524
11,0,1,110,0,100
2,0,0,0,0,100
12,0,0,151,0,99.8853211
3,0,0,0,0,100
11,0,5,170,0,99.5412844
4,0,0,0,0,100
38,0,69,3727,37,93.36235038
38,3,67,3657,35,93.36235038
4,0,0,0,0,100
38,0,69,3727,37,93.36235038
0,0,0,0,0,100
0,0,0,0,0,100
0,0,0,0,0,100
0,0,0,0,0,100
0,0,0,0,0,100
0,0,0,0,0,100
0,0,0,0,0,100
0,0,0,0,0,100
0,0,0,0,0,100
0,0,0,0,0,100
0,0,0,0,0,100
0,0,0,0,0,100
0,0,0,0,0,100
0,0,0,0,0,100
0,0,0,0,0,100
0,0,0,0,0,100
0,0,0,0,0,100
0,0,0,0,0,100
34,3,65,3503,36,95.1496388
26,0,3,275,0,93.70932755
3,0,3,154,2,100
0,0,0,0,0,100
2,0,3,146,2,100
3,0,3,114,2,100
2,0,3,146,2,100
9,0,6,208,3,93.77729258
4,0,0,0,0,100
41,0,78,4105,42,95.01557632
0,0,0,0,0,100
0,0,0,0,0,100
0,0,0,0,0,100
32,4,63,3218,32,93.11111111
2,0,0,11,0,100
34,1,31,1571,17,94.345898
0,0,0,0,0,100
1,0,0,5,0,100
18,0,22,828,11,99.06735751
4,0,0,0,0,100
176,1,895,29328,88,28.12858783
1,0,0,4,0,100
0,0,0,0,0,100
153,0,898,39545,91,24.72727273
64,1,80,3958,44,93.45692475
325,154,1560,166126,1149,29.5194508
1,0,0,4,0,100
0,0,0,0,0,100
331,157,1649,182477,1207,27.87258248
334,157,1715,178155,1247,27.74631937
1,0,0,0,0,100
20,0,33,1072,18,96.81933842
0,0,0,0,0,100
20,3,33,1014,18,96.81933842
23,0,33,1014,18,96.81933842
23,3,35,1141,18,96.81933842
328,151,1744,182781,1245,29.38496583
328,157,1545,167234,1147,29.38496583
1,0,2,13,0,100
4,0,0,0,0,100
4,0,0,0,0,100
4,0,0,0,0,100
92,0,22,542,29,93.2346723
0,0,0,0,0,100
93,0,20,715,29,93.02325581
93,0,24,459,29,93.02325581
3,0,1,29,0,100
4,0,0,0,0,100
94,0,22,753,30,93.02325581
94,0,21,485,28,93.2346723
328,151,1722,180366,1229,40.13539652
328,157,1512,163828,1123,40.13539652
4,0,191,7030,91,98.9021043
129,0,0,14,0,99.7235023
328,155,1432,162423,1066,38.791423
324,153,1775,167119,1244,31.73277662
0,0,0,0,0,100
0,0,0,0,0,100
0,0,0,0,0,100
0,0,0,0,0,100
4,0,0,0,0,100
0,0,0,0,0,100
0,0,0,0,0,100
4,0,0,0,0,100
5,0,0,0,0,100
4,0,0,0,0,100
4,0,0,0,0,100
4,0,0,0,0,100
0,0,0,0,0,100
0,0,0,0,0,100
0,0,0,0,0,100
0,0,0,0,0,100
0,0,0,0,0,100
0,0,0,0,0,100
4,0,0,0,0,100
4,0,0,0,0,100
0,0,0,0,0,100
4,0,0,8,0,100
8,0,0,8,0,100
8,0,0,8,0,100
0,0,0,0,0,100
0,0,0,0,0,100
4,0,0,0,0,100
1,0,0,43,0,100
0,0,0,0,0,100
0,0,0,0,0,100
1,0,0,1,0,100
6,0,0,34,0,100
0,0,0,0,0,100
0,0,0,0,0,100
0,0,0,0,0,100
0,0,0,0,0,100
0,0,0,0,0,100
0,0,0,0,0,100
8,0,2,257,1,100
0,0,0,0,0,100
5,0,1,232,1,98.12695109
0,0,0,0,0,100
5,0,7,378,2,100
0,0,0,0,0,100
5,0,1,159,1,97.47081712
2,1,2,367,2,92.78579356
0,0,0,0,0,100
0,0,0,0,0,100
0,0,0,0,0,100
0,0,0,0,0,100
2,0,2,34,1,100
0,0,0,0,0,100
23,1,16,1168,5,97.68392371
16,2,10,412,5,98.80478088
12,4,87,5973,49,97.14656291
6,0,2,67,0,100
3,0,6,249,1,100
1,0,1,32,1,100
0,0,0,0,0,100
0,0,0,0,0,100
15,8,57,2815,32,94.12429379
0,0,0,0,0,100
2,1,211,7208,31,99.59473151
0,0,0,0,0,100
0,0,0,0,0,100
1,0,0,11,0,100
0,0,0,0,0,100
0,0,0,0,0,100
0,0,0,0,0,100
0,0,0,0,0,100
0,0,0,0,0,100
0,0,0,0,0,100
0,0,0,0,0,100
0,0,0,0,0,100
0,0,0,0,0,100
0,0,0,0,0,100
0,0,0,0,0,100
0,0,0,0,0,100
68,8,35,6506,12,87.83482143
2,0,1,394,1,100
0,0,0,0,0,100
1,0,2,19,0,99.87531172
1,0,2,64,1,100
0,0,0,0,0,100
0,0,0,0,0,100
3,0,0,1,0,100
0,0,0,0,0,100
0,0,0,0,0,100
0,0,0,0,0,100
11,1,16,602,5,95.95505618
0,0,0,0,0,100
0,0,0,0,0,100
0,0,0,0,0,100
0,0,0,0,0,100
0,0,0,0,0,100
0,0,0,0,0,100
8,0,0,24,0,100
0,0,0,0,0,100
0,0,0,0,0,100
0,0,0,0,0,100
1,0,0,11,0,100
2,0,2,110,2,100
2,0,19,632,9,99.18200409
1,0,0,5,0,100
0,0,0,0,0,100
0,0,0,0,0,100
4,0,4,35,2,99.48717949
1,0,0,0,0,100
0,0,0,0,0,100
3,0,0,8,0,100
2,0,0,16,0,100
2,0,0,0,0,100
6,0,0,0,0,100
0,0,0,0,0,100
0,0,0,0,0,100
0,0,0,0,0,100
0,0,0,0,0,100
0,0,0,0,0,100
0,0,0,0,0,100
0,0,0,0,0,100
21,8,71,4422,52,92.10526316
2,0,1,162,1,100
18,17,220,10565,111,96.81742044
0,0,0,0,0,100
0,0,0,0,0,100
2,0,15,1243,12,97.37072743
3,0,4,503,2,100
0,0,0,0,0,100
3,0,1,93,1,99.90494297
1,0,1,26,0,100
0,0,0,0,0,100
1,0,1,181,1,99.90512334
0,0,0,0,0,100
1,0,0,1,0,100
0,0,0,0,0,100
0,0,0,0,0,100
23,3,3117,100063,369,88.63636364
33,3,104,4820,42,95.87852495
2,0,3,207,2,100
2,0,0,188,0,100
0,0,0,0,0,100
0,0,0,0,0,100
68,5,187,12157,38,92.40246407
2,0,1,74,0,98.65702479
1,1,7,323,3,99.78991597
0,0,0,0,0,100
0,0,0,0,0,100
0,0,0,0,0,100
0,0,0,0,0,100
3,0,10,278,5,99.8951782
2,2,7,902,7,98.828541
0,0,0,0,0,100
0,0,0,0,0,100
23,2,47,2154,32,98.4962406
15,0,9,680,4,100
1,1,13,1009,7,99.78723404
1,0,13,1009,7,99.78723404
10,0,3,26,7,100
0,0,0,0,0,100
0,0,0,0,0,100
0,0,0,0,0,100
3,0,0,324,0,100
4,0,1,553,1,100
0,0,0,0,0,100
0,0,0,0,0,100
4,0,0,0,0,100
0,0,0,0,0,100
8,0,0,51,0,86.94665153
0,0,0,0,0,100
15,12,142,9239,82,82.08469055
0,0,0,0,0,100
0,0,0,0,0,100
1,1,1,49,1,99.80392157
0,0,0,0,0,100
0,0,0,0,0,100
4,1,15,1130,13,83.83297645
0,0,0,0,0,100
5,1,38,1786,15,97.81609195
9,7,122,5843,49,97.80701754
1,0,0,0,0,100
26,0,3,23,3,100
6,0,5,804,0,99.89247312
0,0,0,0,0,100
0,0,0,0,0,100
0,0,0,0,0,100
2,0,2,76,1,100
0,0,0,0,0,100
1,0,0,23,0,100
0,0,0,0,0,100
0,0,0,0,0,100
2,1,25,1726,22,99.78540773
0,0,0,0,0,100
0,0,0,0,0,100
4,1,2,196,1,86.15537849
14,0,34,2039,16,97.74571686
0,0,0,0,0,100
0,0,0,0,0,100
6,1,7,416,6,99.82547993
2,0,1,50,1,100
0,0,0,0,0,100
1,0,0,8,0,100
0,0,0,0,0,100
0,0,0,0,0,100
2,0,0,117,0,100
4,0,1,38,1,100
2,0,0,117,0,100
6,0,0,41,0,100
0,0,0,0,0,100
0,0,0,0,0,100
0,0,0,0,0,100
4,0,0,0,0,100
1,0,0,0,0,100
0,0,0,0,0,100
26,0,5,1415,3,100
0,0,0,0,0,100
6,1,53,5502,19,99.65247611
6,0,2,231,3,100
7,0,10,811,8,100
2,0,6,501,4,100
20,7,23,1892,16,96.20689655
4,0,24,1548,12,100
0,0,0,0,0,100
33,0,8,868,2,100
0,0,0,0,0,100
2,0,8,365,3,100
6,3,43,2576,22,99.40323956
4,0,11,236,4,100
0,0,0,0,0,100
0,0,0,0,0,100
0,0,0,0,0,100
0,0,0,0,0,100
2,0,4,290,1,100
49,8,60,2898,39,95.89270746
30,15,182,12400,122,90.98814229
8,2,24,1866,17,99.16981132
4,0,11,1109,3,100
4,2,8,655,4,99.54921112
8,0,0,996,9,99.9251497
6,2,7,1125,5,99.62714392
1,0,0,16,0,100
4,0,0,82,0,99.7037037
17,5,81,4266,41,98.15225425
7,0,16,967,5,100
5,0,10,437,8,100
10,3,46,3090,28,99.48491538
7,0,48,2040,36,100
0,0,0,0,0,100
0,0,0,0,0,100
0,0,0,0,0,100
3,0,13,789,7,100
2,0,14,602,6,100
11,0,7,370,5,100
25,2,37,1788,20,99.19117647
0,0,0,0,0,100
2,0,2,225,1,100
14,14,125,5701,64,97.61904762
2,0,0,32,0,100
38,5,64,3000,61,96.73691366
4,0,6,370,2,100
12,7,46,3451,31,98.70045484
5,0,13,1345,11,100
4,0,0,218,0,99.93564994
0,0,0,0,0,100
0,0,0,0,0,100
0,0,0,0,0,100
1,0,10,1912,4,100
0,0,0,0,0,100
0,0,0,0,0,100
0,0,0,0,0,100
23,15,86,6691,59,96.21848739
0,0,0,0,0,100
2,1,1,182,1,93.83857055
0,0,0,0,0,100
0,0,0,0,0,100
0,0,0,0,0,100
1,0,0,1,0,100
28,3,162,6673,133,92.26804124
6,1,13,1217,9,99.87789988
1,0,2,61,1,100
3,0,1,18,1,100
18,1,38,1401,8,97.08846585
17,16,248,9874,75,98.22064057
4,0,8,236,4,100
0,0,0,0,0,100
4,0,0,51,0,100
12,12,1,1019,1,98.62068966
5,0,9,350,3,100
7,1,26,1364,13,99.85436893
4,0,0,26,0,100
11,1,24,1193,19,99.80544747
0,0,0,0,0,100
0,0,0,0,0,100
14,1,31,1739,8,99.90262902
0,0,0,0,0,100
20,6,43,2432,23,99.32432432
0,0,0,0,0,100
12,2,45,2998,17,96.84638861
86,82,582,41719,383,91.15087041
0,0,0,0,0,100
0,0,0,0,0,100
8,3,61,3361,41,99.69525468
2,2,2,440,2,99.82668977
2,1,9,1063,7,98.68073879
23,2,129,3904,35,96.8
0,0,0,0,0,100
3,2,49,2036,12,99.77963861
0,0,0,0,0,100
39,2,86,4469,42,99.20913884
0,0,0,0,0,100
2,0,15,915,5,100
0,0,0,0,0,100
4,0,1,210,1,100
1,0,1,19,0,100
0,0,0,0,0,100
0,0,0,0,0,100
0,0,0,0,0,100
0,0,0,0,0,100
0,0,0,0,0,100
1,0,0,0,0,100
2,1,8,1146,5,99.64896885
0,0,0,0,0,100
26,2,62,4304,37,94.78229579
0,0,0,0,0,100
0,0,0,0,0,100
0,0,0,0,0,100
4,1,22,4201,22,98.7357775
0,0,0,0,0,100
13,1,122,2869,57,99.40515532
0,0,0,0,0,100
0,0,0,0,0,100
0,0,0,0,0,100
3,0,6,249,1,100
0,0,0,0,0,100
4,0,1,4,2,100
3,1,6,212,4,99.76612095
0,0,0,0,0,100
2,0,2,52,0,99.86572675
2,0,3,191,2,100
38,0,38,3440,21,99.07786885
0,0,0,0,0,100
3,2,23,2192,15,98.12706574
19,0,0,191,0,100
2,0,3,561,3,100
2,0,4,247,2,100
2,0,3,170,3,100
0,0,0,0,0,100
6,0,3,430,3,100
6,1,32,1991,22,96.74880219
2,0,0,26,0,100
4,0,7,697,3,100
2,0,0,33,0,100
0,0,0,0,0,100
0,0,0,0,0,100
0,0,0,0,0,100
0,0,0,0,0,100
0,0,0,0,0,100
14,1,27,2606,3,96.76126878
0,0,0,0,0,100
21,0,0,243,1,100
0,0,0,0,0,100
1,0,1,58,0,100
0,0,0,0,0,100
2,0,0,43,0,100
5,0,57,2566,25,99.85218034
3,0,17,1296,5,100
1,0,0,6,0,100
0,0,0,0,0,100
4,0,1,405,0,100
0,0,0,0,0,100
0,0,0,0,0,100
0,0,0,0,0,100
0,0,0,0,0,100
2,1,1,292,2,99.9260355
18,5,43,426,7,99.15410077
1,0,0,42,0,100
0,0,0,0,0,100
0,0,0,0,0,100
0,0,0,0,0,100
1,0,0,12,0,100
2,0,15,1328,10,99.74264706
9,0,3,542,3,100
1,0,1,27,0,100
0,0,0,0,0,100
1,0,1,9,0,100
0,0,0,0,0,100
0,0,0,0,0,100
2,0,9,679,2,100
0,0,0,0,0,100
0,0,0,0,0,100
0,0,0,0,0,100
0,0,0,0,0,100
0,0,0,0,0,100
0,0,0,0,0,100
0,0,0,0,0,100
0,0,0,0,0,100
0,0,0,0,0,100
4,0,48,2279,8,100
0,0,0,0,0,100
0,0,0,0,0,100
0,0,0,0,0,100
0,0,0,0,0,100
3,2,35,1946,20,99.81570217
3,0,9,265,2,100
1,0,1,18,0,100
7,7,151,4160,49,99.2321755
4,0,4,324,2,100
1,0,1,33,0,100
0,0,0,0,0,100
0,0,0,0,0,100
0,0,0,0,0,100
2,0,4,141,1,100
1,0,0,48,0,100
0,0,0,0,0,100
0,0,0,0,0,100
0,0,0,0,0,100
15,0,10,1091,4,96.24003038
9,0,4,562,2,99.76133652
2,0,9,229,1,100
7,0,2,265,3,100
0,0,0,0,0,100
3,0,6,841,4,100
9,1,62,2612,10,99.92050874
0,0,0,0,0,100
7,0,1,35,0,100
0,0,0,0,0,100
12,1,9,912,6,96.69522644
0,0,0,0,0,100
0,0,0,0,0,100
4,0,1,218,1,100
22,1,15,1110,8,98.98904802
1,0,0,0,0,100
1,0,0,5,0,100
29,0,30,398,1,100
1,0,2,44,0,100
5,1,91,3374,28,99.91546915
0,0,0,0,0,100
0,0,0,0,0,100
10,0,25,1385,8,98.64061172
0,0,0,0,0,100
1,0,1,8,0,100
2,0,3,24,0,100
2,0,1,51,0,100
2,0,0,0,0,100
0,0,0,0,0,100
0,0,0,0,0,100
5,0,3,399,0,100
0,0,0,0,0,100
3,0,0,2,0,100
0,0,0,0,0,100
0,0,0,0,0,100
2,0,2,193,2,100
6,0,1,231,1,99.70098249
0,0,0,0,0,100
0,0,0,0,0,100
6,2,10,1053,8,97.87322769
0,0,0,0,0,100
0,0,0,0,0,100
10,0,14,906,5,98.26822392
2,0,3,192,1,100
4,0,4,243,0,99.80087614
2,0,2,57,0,100
0,0,0,0,0,100
0,0,0,0,0,100
3,0,1,41,3,100
3,0,5,291,1,100
0,0,0,0,0,100
1,0,1,13,0,100
10,0,5,344,3,100
3,0,6,151,2,100
0,0,0,0,0,100
68,29,849,30627,389,91.23082973
0,0,0,0,0,100
1,0,0,17,0,100
0,0,0,0,0,100
6,0,12,1126,4,97.86407767
7,0,58,2681,21,95.0059453
2,0,1,10,0,100
1,0,3,72,1,100
0,0,0,0,0,100
0,0,0,0,0,100
9,0,8,21,0,100
13,1,13,983,7,94.18653283
0,0,0,0,0,100
9,1,13,957,4,99.82706442
1,0,1,38,0,100
2,0,1,107,0,100
1,0,0,72,0,100
1,0,0,11,0,100
2,0,1,33,1,100
10,1,10,483,8,99.78438982
3,0,4,235,1,99.82780887
3,0,2,99,0,100
0,0,0,0,0,100
0,0,0,0,0,100
2,0,0,50,0,100
0,0,0,0,0,100
0,0,0,0,0,100
1,0,2,8,1,100
1,0,15,336,1,100
5,0,0,123,0,100
0,0,0,0,0,100
3,0,0,55,0,100
0,0,0,0,0,100
0,0,0,0,0,100
3,0,15,993,5,100
3,0,15,993,5,100
6,0,16,1107,5,99.87085665
0,0,0,0,0,100
3,0,15,273,1,100
2,0,0,9,0,100
20,3,105,4890,54,99.4411006
0,0,0,0,0,100
3,0,10,704,2,100
5,1,29,2189,12,99.8714653
48,48,1291,40897,577,87.47007183
1,0,2,45,0,100
1,0,0,31,0,100
1,0,10,237,2,100
14,0,23,1699,25,99.32760553
0,0,0,0,0,100
85,3,88,2259,42,89.36994016
2,0,1,12,0,100
32,16,492,17559,176,98.19849329
1,0,0,0,0,100
0,0,0,0,0,100
1,0,2,76,0,100
0,0,0,0,0,100
15,0,51,1608,12,99.90331937
0,0,0,0,0,100
7,0,104,3135,32,99.25057022
8,0,3,172,3,100
19,1,2,944,20,99.56996361
0,0,0,0,0,100
0,0,0,0,0,100
14,0,75,2099,7,99.47019868
3,0,4,37,4,100
7,1,46,2371,14,99.90085922
15,4,25,987,8,99.14191419
5,0,0,67,0,100
26,23,154,7143,103,98.41218406
7,0,0,156,0,100
0,0,0,0,0,100
23,2,70,2974,26,93.67216425
4,2,86,8124,51,98.8355681
1,0,0,3,0,100
0,0,0,0,0,100
2,0,0,56,0,100
11,8,153,5405,88,92.2988944
3,0,16,1383,4,99.45401092
6,0,22,4,10,99.58088852
1,0,0,9,0,100
40,1,121,10956,78,87.95620438
1,0,0,45,0,100
0,0,0,0,0,100
2,0,0,8,0,100
15,2,37,1205,15,99.67585089
0,0,0,0,0,100
0,0,0,0,0,100
1,0,0,19,0,100
0,0,0,0,0,100
15,0,26,516,7,100
2,0,0,8,0,100
2,0,0,16,0,100
9,6,107,6830,60,98.22980367
1,0,4,144,3,100
12,4,131,5890,85,99.61759082
30,16,186,10668,86,96.46632437
1,0,0,0,0,96.18171683
6,1,0,135,1,99.81086193
0,0,0,0,0,100
7,3,100,2668,37,99.81116806
2,0,0,8,0,100
0,0,0,0,0,100
1,0,0,0,0,100
6,1,83,3629,18,93.54651163
17,1,30,1609,18,98.13542689
6,0,3,71,4,100
0,0,0,0,0,100
1,0,1,35,0,100
18,5,13,135,13,99.49307198
3,0,3,115,1,99.8990239
10,0,26,1201,10,100
0,0,0,0,0,100
3,0,7,913,1,100
23,4,21,1253,17,97.59538314
4,0,3,266,0,100
0,0,0,0,0,100
1,0,0,5,0,100
1,0,0,5,0,100
1,0,1,8,0,100
0,0,0,0,0,100
0,0,0,0,0,100
0,0,0,0,0,100
0,0,0,0,0,100
5,0,5,241,3,99.96938151
0,0,0,0,0,100
1,0,0,16,0,100
2,1,11,907,4,93.57456882
0,0,0,0,0,100
0,0,0,0,0,100
1,0,0,0,0,100
9,2,8,203,3,94.46626205
2,0,1,4,0,100
6,0,41,2363,27,100
2,0,0,4,0,100
1,0,2,76,0,99.9661476
2,0,0,136,0,100
1,0,2,46,0,100
2,0,2,42,0,100
12,0,5,2450,3,99.93229519
10,0,9,245,3,100
3,0,2,24,0,100
0,0,0,0,0,100
2,0,1,13,0,100
2,0,5,207,1,100
29,0,126,2091,3,99.89847716
0,0,0,0,0,100
6,0,29,817,3,98.46005775
168,0,18,2671,2,96.91203993
0,0,0,0,0,100
0,0,0,0,0,100
0,0,0,0,0,100
1,0,0,0,0,100
2,0,2,214,0,100
30,1,91,6837,58,97.02085402
2,0,5,69,0,100
41,0,0,219,0,100
0,0,0,0,0,100
1,0,0,217,0,97.9329041
2,0,2,37,0,100
2,0,2,123,1,100
3,1,21,1111,10,99.6993988
1,0,1,58,0,100
0,0,0,0,0,100
2,0,4,141,0,100
6,0,9,114,0,100
12,0,7,748,6,100
11,0,14,465,10,99.96659987
2,0,3,96,0,100
0,0,0,0,0,100
8,0,13,603,3,100
0,0,0,0,0,100
14,6,122,5464,67,99.43465248
2,0,1,24,1,100
2,0,4,291,2,100
3,0,3,222,3,100
5,1,1,137,1,99.90072799
1,0,8,210,1,100
3,0,2,59,1,100
1,0,3,68,0,100
2,0,0,0,0,100
4,1,20,800,10,99.83471074
1,0,11,296,2,99.90089197
7,0,84,787,1,100
10,0,106,2135,2,99.57010582
0,0,0,0,0,100
0,0,0,0,0,100
0,0,0,0,0,100
6,1,11,708,12,99.76851852
6,0,59,1470,14,97.24137931
50,18,459,17988,184,96.20656678
1,0,3,189,1,100
0,0,0,0,0,100
8,0,36,991,27,100
8,1,34,1192,15,98.35013749
2,0,4,284,1,100
6,2,31,1479,14,99.82030548
0,0,0,0,0,100
0,0,0,0,0,100
7,0,3,349,1,99.91026025
3,1,16,1153,6,99.82052049
0,0,0,0,0,100
20,3,77,3264,29,99.73134328
1,0,0,56,0,100
25,0,43,3736,19,97.02292349
7,3,62,6121,47,97.84881984
9,0,33,1139,8,100
13,0,7,108,0,100
0,0,0,0,0,100
7,5,47,2634,29,99.58146487
1,0,0,7,0,100
0,0,0,0,0,100
2,0,0,7,0,100
3,0,11,498,5,99.21921922
0,0,0,0,0,100
1,0,6,157,1,100
21,0,34,750,20,99.51456311
2,0,1,3,0,100
52,25,443,17701,323,95.74887387
12,0,7,720,1,98.7026202
5,0,6,888,6,100
4,0,0,8,0,100
4,0,0,8,0,100
52,1,452,18017,330,95.82890542
1,0,0,52,0,100
54,25,443,17703,323,95.82890542
12,0,14,557,5,98.15815324
7,4,35,1815,28,98.40977184
36,3,61,3119,12,99.5856956
5,0,2,102,0,100
10,0,6,9,3,100
35,3,99,7159,50,95.73301549
13,0,79,1834,14,100
26,1,140,3745,35,96.79937549
0,0,0,0,0,100
0,0,0,0,0,100
0,0,0,0,0,100
2,0,2,85,0,100
2,0,2,56,1,100
3,0,6,26,5,99.89706639
4,0,8,356,1,100
0,0,0,0,0,100
4,1,1,307,1,99.94855967
13,5,112,4432,74,99.53857985
8,0,36,1760,39,100
1,0,0,12,0,100
0,0,0,0,0,100
0,0,0,0,0,100
2,0,6,303,1,100
0,0,0,0,0,100
48,2,6,985,1,94.296875
3,0,0,129,0,100
6,1,12,580,2,99.9469496
1,0,0,0,0,100
0,0,0,0,0,100
5,0,2,18,1,100
3,1,24,534,8,99.94700583
17,0,3,157,1,100
0,0,0,0,0,100
3,0,1,475,1,99.12652197
11,0,7,226,3,99.97354497
15,2,82,8493,46,99.19896641
1,0,14,418,1,100
0,0,0,0,0,100
0,0,0,0,0,100
1,0,0,8,0,100
17,0,152,4683,33,100
17,6,102,3832,56,98.84318766
2,0,0,0,0,100
1,0,7,136,0,100
5,0,0,179,0,100
1,1,16,919,13,97.78617711
3,0,2,237,0,99.22923209
24,0,188,8056,55,95.16554351
6,3,32,3883,15,99.67741935
14,1,14,672,9,99.79490185
6,0,1,136,1,100
5,0,0,94,0,100
7,1,19,848,5,99.94145199
3,0,4,197,2,100
24,0,2,110,1,99.97074312
1,0,1,118,1,100
3,0,0,115,0,100
1,0,0,0,0,100
4,0,0,39,0,100
1,0,0,12,0,100
2,0,18,379,2,99.91251094
2,0,1,17,0,100
10,0,38,1191,4,100
1,0,3,69,1,100
0,0,0,0,0,100
0,0,0,0,0,100
0,0,0,0,0,100
2,0,5,293,1,94.95548961
0,0,0,0,0,100
0,0,0,0,0,100
6,1,14,409,9,99.94969819
0,0,0,0,0,100
11,0,38,1951,8,97.28357451
2,0,2,406,0,100
2,0,3,11,0,100
5,0,22,619,1,99.97439836
0,0,0,0,0,100
1,0,1,27,1,99.92333248
1,0,0,2,0,100
9,0,41,1318,14,100
8,0,20,3188,9,100
13,0,39,791,1,100
7,3,19,458,3,99.82147411
7,0,20,409,4,100
2,0,4,202,1,100
2,0,2,83,1,100
10,3,47,5192,24,94.10269446
4,0,2,25,1,99.22680412
14,1,16,1000,16,99.6841274
35,25,425,20493,231,93.53808354
4,0,2,117,0,98.07194921
2,0,2,44,0,100
2,0,3,74,0,100
2,0,0,1,0,100
7,1,35,1133,7,99.49928469
10,0,2,243,2,98.11667432
12,0,49,1206,13,99.91029379
0,0,0,0,0,100
0,0,0,0,0,100
2,0,23,496,1,100
0,0,0,0,0,100
1,0,24,475,4,100
2,0,2,49,0,100
0,0,0,0,0,100
8,0,25,882,8,99.88771615
3,0,6,118,1,100
0,0,0,0,0,100
7,0,3,174,3,100
0,0,0,0,0,100
5,0,30,1310,2,100
1,0,0,4,0,100
1,0,0,0,0,100
3,0,15,278,0,100
0,0,0,0,0,100
32,0,0,64,0,100
0,0,0,0,0,100
2,0,3,61,0,100
1,0,10,403,3,100
3,0,7,160,1,100
5,0,2,229,1,100
1,0,0,8,0,100
0,0,0,0,0,100
4,0,9,210,1,100
1,0,0,0,0,100
2,0,4,117,1,100
8,0,3,264,0,99.91015274
0,0,0,0,0,100
0,0,0,0,0,100
0,0,0,0,0,100
0,0,0,0,0,100
2,0,1,70,0,100
4,0,10,178,6,100
1,0,0,0,0,100
2,0,7,163,2,100
16,1,25,805,5,99.77563383
1,0,1,10,0,100
0,0,0,0,0,100
2,0,10,513,4,99.91027367
0,0,0,0,0,100
0,0,0,0,0,100
2,0,13,355,4,100
1,0,0,11,0,99.97754827
12,0,24,646,10,99.91029379
1,0,0,17,0,100
2,0,2,32,0,100
5,0,0,23,0,100
1,0,0,11,0,100
2,0,5,119,5,100
1,0,0,0,0,100
2,0,0,7,0,100
0,0,0,0,0,100
5,0,7,39,0,99.95525727
5,0,36,953,9,100
1,0,1,7,0,100
4,0,46,956,7,100
10,0,0,54,0,100
0,0,0,0,0,100
0,0,0,0,0,100
0,0,0,0,0,100
7,0,26,432,5,100
0,0,0,0,0,100
0,0,0,0,0,100
0,0,0,0,0,100
1,0,0,25,0,100
0,0,0,0,0,100
0,0,0,0,0,100
8,0,6,134,0,100
0,0,0,0,0,100
0,0,0,0,0,100
0,0,0,0,0,100
12,6,121,6883,49,99.21857557
4,0,13,460,1,100
3,0,0,0,0,100
3,0,1,43,0,100
0,0,0,0,0,100
0,0,0,0,0,100
1,0,3,58,1,100
1,0,1,20,0,100
1,0,1,28,0,100
10,1,12,772,7,99.88839286
13,0,31,1420,9,100
1,0,1,26,0,100
0,0,0,0,0,100
3,0,5,116,1,100
2,0,0,90,0,100
4,0,6,136,0,100
0,0,0,0,0,100
0,0,0,0,0,100
0,0,0,0,0,100
2,0,13,526,9,100
3,0,4,20,1,100
1,0,12,263,3,100
0,0,0,0,0,100
2,0,0,10,0,100
49,3,5,692,2,99.68791797
1,0,1,37,1,100
0,0,0,0,0,100
0,0,0,0,0,100
0,0,0,0,0,100
0,0,0,0,0,100
9,0,38,1214,7,100
0,0,0,0,0,100
1,0,0,76,0,100
0,0,0,0,0,100
5,0,13,564,7,100
0,0,0,0,0,100
3,0,1,24,0,100
0,0,0,0,0,100
0,0,0,0,0,100
5,1,30,1186,14,99.95551601
1,0,1,22,0,100
178,9,27,3499,26,94.27855502
1,1,0,0,0,99.96061442
2,0,5,151,1,100
0,0,0,0,0,100
0,0,0,0,0,100
0,0,0,0,0,100
0,0,0,0,0,100
0,0,0,0,0,100
0,0,0,0,0,100
0,0,0,0,0,100
5,0,0,2,0,100
0,0,0,0,0,100
2,0,0,60,0,100
0,0,0,0,0,100
13,6,86,4331,46,98.41595229
1,0,2,59,0,100
2,0,2,57,0,100
8,1,46,1655,30,99.96465182
0,0,0,0,0,100
5,4,56,2011,28,99.82363316
0,0,0,0,0,100
23,9,225,8432,86,94.71751989
4,1,1,61,1,99.95155039
0,0,0,0,0,100
0,0,0,0,0,100
8,0,0,0,0,99.85440427
11,0,14,895,9,100
2,0,2,215,2,100
1,0,1,12,0,100
3,0,0,5,0,100
23,4,153,5026,71,99.78171235
5,1,7,408,6,99.9516441
1,0,5,18,0,100
4,1,50,2048,33,99.95169082
10,0,20,1553,13,100
11,1,24,1832,8,96.94487492
18,2,3,754,6,95.54030875
11,5,80,3561,51,99.66397849
36,5,356,11417,136,99.57908728
0,0,0,0,0,100
0,0,0,0,0,100
1,0,1,9,0,100
1,0,0,2,0,100
3,0,0,44,0,100
0,0,0,0,0,100
5,0,4,215,5,100
0,0,0,0,0,100
2,0,2,61,0,100
0,0,0,0,0,100
16,1,108,3501,34,99.95592772
0,0,0,0,0,100
0,0,0,0,0,100
0,0,0,0,0,100
6,0,5,64,1,99.91189427
3,0,4,139,1,100
1,0,0,12,0,100
4,0,5,80,0,100
1,0,3,129,1,100
9,0,0,78,0,100
17,5,18,786,14,99.75760247
0,0,0,0,0,100
1,0,1,15,0,100
3,0,2,63,2,100
3,0,11,464,7,100
2,0,4,162,1,100
3,0,3,84,1,100
0,0,0,0,0,100
3,0,2,24,1,100
4,0,14,367,0,100
4,0,16,486,9,100
1,0,1,34,0,100
0,0,0,0,0,100
5,0,11,282,1,100
21,3,106,7420,49,99.82467675
2,0,2,36,2,100
4,0,1,69,1,100
3,0,1,44,1,100
3,0,1,65,1,100
0,0,0,0,0,100
10,0,5,110,3,100
2,0,5,203,1,100
0,0,0,0,0,100
2,0,1,49,0,100
0,0,0,0,0,100
2,0,3,137,1,100
1,0,0,0,0,100
2,0,2,535,1,99.95636046
0,0,0,0,0,100
8,0,19,799,4,99.93442623
7,0,37,1152,2,94.45452712
3,0,0,34,0,100
0,0,0,0,0,100
0,0,0,0,0,100
1,0,0,2,0,100
11,0,12,713,7,97.44214373
0,0,0,0,0,100
4,0,6,126,2,100
2,0,0,42,0,100
1,0,1,8,0,100
4,0,2,106,2,100
1,0,0,0,0,100
0,0,0,0,0,100
0,0,0,0,0,100
1,0,0,41,0,100
7,1,83,1927,24,94.50835685
2,0,5,201,0,100
0,0,0,0,0,100
0,0,0,0,0,100
0,0,0,0,0,100
0,0,0,0,0,100
0,0,0,0,0,100
2,0,2,301,1,100
0,0,0,0,0,100
1,0,0,0,0,100
2,1,0,39,0,99.72434266
4,0,8,153,0,100
6,0,0,0,0,100
1,0,0,2,0,100
0,0,0,0,0,100
5,1,217,7568,84,95.8304378
0,0,0,0,0,100
1,0,0,0,0,100
10,1,29,1276,5,96.01226994
6,0,1,194,0,100
0,0,0,0,0,100
1,0,8,271,2,100
1,0,1,162,1,100
0,0,0,0,0,100
3,0,0,68,0,100
0,0,0,0,0,100
1,0,2,67,0,100
1,0,1,45,0,100
0,0,0,0,0,100
1,0,0,2,0,100
8,0,0,16,0,100
3,0,1,113,1,100
5,0,8,439,2,100
0,0,0,0,0,100
5,0,0,10,0,100
2,0,3,49,0,100
6,0,1,89,2,100
6,0,28,710,5,100
2,0,2,32,0,100
2,0,0,0,0,100
0,0,0,0,0,100
0,0,0,0,0,100
0,0,0,0,0,100
0,0,0,0,0,100
17,1,54,3233,15,90.52083333
0,0,0,0,0,100
10,0,23,2633,11,100
8,0,5,197,1,100
1,0,0,2,0,100
0,0,0,0,0,100
1,0,7,264,2,100
1,0,0,5,0,100
3,1,20,983,10,99.81476581
1,0,0,0,0,100
2,0,7,155,1,100
1,1,29,1247,12,99.94731296
2,0,1,40,0,100
0,0,0,0,0,100
0,0,0,0,0,100
0,0,0,0,0,100
1,0,1,17,1,100
4,0,10,518,8,100
5,0,34,1031,5,91.21495327
1,0,0,3,0,100
1,0,3,73,1,100
1,0,11,99,0,100
1,0,34,260,3,100
1,0,7,156,1,100
14,0,53,3238,23,100
3,0,7,217,5,100
0,0,0,0,0,100
0,0,0,0,0,100
7,2,3,231,1,99.89509022
2,0,0,3,0,99.9371201
7,0,0,21,0,100
27,11,162,7152,98,99.07192575
3,0,4,16,1,100
0,0,0,0,0,100
6,0,0,61,0,99.91507431
2,0,6,235,4,100
8,0,18,835,6,100
2,0,1,65,0,100
0,0,0,0,0,100
1,0,10,144,1,100
1,0,0,1,0,100
0,0,0,0,0,100
0,0,0,0,0,100
0,0,0,0,0,100
0,0,0,0,0,100
0,0,0,0,0,100
17,3,34,1541,22,98.15450644
1,0,0,1,0,100
7,0,11,424,4,100
2,0,26,653,3,100
1,0,2,11,0,100
1,0,4,41,0,100
0,0,0,0,0,100
0,0,0,0,0,100
0,0,0,0,0,100
0,0,0,0,0,100
1,0,2,14,0,100
1,0,0,7,0,100
8,0,11,754,3,97.36842105
41,1,418,20049,225,97.68672809
0,0,0,0,0,100
0,0,0,0,0,100
0,0,0,0,0,100
0,0,0,0,0,100
3,0,13,315,3,100
3,0,14,117,0,100
20,4,70,2592,38,96.56577416
2,0,0,4,0,100
9,0,9,224,1,100
0,0,0,0,0,100
0,0,0,0,0,100
0,0,0,0,0,100
1,0,0,27,0,100
0,0,0,0,0,100
11,2,42,1412,25,96.56710628
1,0,1,28,1,100
0,0,0,0,0,100
0,0,0,0,0,100
0,0,0,0,0,100
1,0,2,22,1,100
0,0,0,0,0,100
0,0,0,0,0,100
0,0,0,0,0,100
0,0,0,0,0,100
1,0,0,11,0,100
1,0,4,131,0,100
1,0,0,2,0,100
4,0,2,22,2,100
1,0,2,39,0,100
0,0,0,0,0,100
1,0,2,37,2,100
1,1,24,661,11,99.92022337
91,0,744,57792,472,95.24776604
0,0,0,0,0,100
7,0,7,253,7,100
1,0,2,117,2,100
6,2,30,1971,22,99.87600744
0,0,0,0,0,100
0,0,0,0,0,100
7,7,948,29035,460,99.63001028
0,0,0,0,0,100
0,0,0,0,0,100
0,0,0,0,0,100
0,0,0,0,0,100
55,26,522,23211,280,97.16843639
0,0,0,0,0,100
0,0,0,0,0,100
0,0,0,0,0,100
1,0,0,8,0,100
2,0,0,28,0,100
3,0,0,85,0,100
0,0,0,0,0,100
0,0,0,0,0,100
0,0,0,0,0,100
0,0,0,0,0,100
0,0,0,0,0,100
0,0,0,0,0,100
1,0,1,429,1,100
0,0,0,0,0,100
1,0,0,0,0,100
339,39,3273,189728,1620,84.18065153
0,0,0,0,0,100
1,0,1,12,0,100
17,0,13,840,2,100
21,3,48,1899,18,99.61697113
0,0,0,0,0,100
1,0,0,0,0,100
67,0,0,93,0,100
0,0,0,0,0,100
0,0,0,0,0,100
6,0,12,328,6,100
0,0,0,0,0,100
0,0,0,0,0,100
2,0,3,159,0,100
0,0,0,0,0,100
2,0,5,125,2,100
0,0,0,0,0,100
0,0,0,0,0,100
0,0,0,0,0,100
10,1,13,333,5,99.38416422
1,0,0,4,0,100
0,0,0,0,0,100
5,0,15,618,9,100
0,0,0,0,0,100
31,2,4,39,11,99.29721816
2,0,0,0,0,100
0,0,0,0,0,100
0,0,0,0,0,100
0,0,0,0,0,100
5,0,8,300,6,100
1,0,1,23,0,100
0,0,0,0,0,100
0,0,0,0,0,100
1,0,0,0,0,100
0,0,0,0,0,100
2,0,1,57,0,100
2,0,8,389,6,97.89443323
0,0,0,0,0,100
3,0,9,134,3,100
2,0,7,43,0,100
0,0,0,0,0,100
0,0,0,0,0,100
27,0,451,21312,246,97.90636813
0,0,0,0,0,100
17,9,760,26987,488,98.93016345
2,2,60,2603,22,97.25990233
1,0,1,27,0,100
7,0,2,88,2,100
0,0,0,0,0,100
14,2,84,1801,27,99.7005988
3,1,27,650,1,99.9501992
5,0,30,1202,17,100
0,0,0,0,0,100
4,0,9,212,1,100
1,0,1,24,0,100
0,0,0,0,0,100
0,0,0,0,0,100
4,0,4,173,1,100
15,1,131,3183,56,99.5017439
0,0,0,0,0,100
0,0,0,0,0,100
1,0,1,42,0,100
2,0,3,113,3,100
0,0,0,0,0,100
0,0,0,0,0,100
8,1,1,445,2,99.90024938
1,0,0,36,0,100
8,0,2,1280,1,99.85041137
1,0,2,56,0,99.95014955
1,0,5,142,1,97.64309764
1,0,0,8,0,100
3,0,6,241,1,100
2,0,1,16,0,100
0,0,0,0,0,100
16,3,69,2795,59,99.51508621
8,0,51,1230,7,97.53694581
2,0,0,4,0,100
1,0,0,0,0,100
0,0,0,0,0,100
4,0,22,986,23,99.81185325
5,2,75,2506,31,99.62453066
10,0,9,100,1,99.62121212
2,0,0,0,0,100
1,0,1,24,0,100
2,0,2,25,1,100
0,0,0,0,0,100
5,0,2,209,0,100
0,0,0,0,0,100
0,0,0,0,0,100
1,0,1,22,0,100
7,0,8,380,4,100
8,0,4,114,0,99.64990452
8,0,24,223,14,99.65057179
4,0,0,11,0,100
1,0,1,73,0,100
0,0,0,0,0,100
0,0,0,0,0,100
4,0,1,24,0,99.9682136
0,0,0,0,0,100
9,0,64,1158,8,99.77714104
6,1,3,200,3,97.08794409
1,0,0,0,0,100
2,0,0,13,0,100
0,0,0,0,0,100
2,0,0,5,0,100
0,0,0,0,0,100
1,0,1,13,1,100
1,0,3,67,1,100
1,0,1,40,0,100
0,0,0,0,0,100
1,0,2,28,0,100
0,0,0,0,0,100
5,0,3,83,3,100
7,0,6,300,3,88.03858521
8,0,23,797,7,100
0,0,0,0,0,100
0,0,0,0,0,100
1,0,0,2,0,100
0,0,0,0,0,100
12,1,57,1553,24,99.47728187
1,0,3,103,0,100
7,0,8,374,8,88.97007655
1,0,0,0,0,100
4,0,15,349,5,100
85,85,825,25967,589,94.41565918
1,0,2,77,0,100
11,0,19,720,1,91.4148968
0,0,0,0,0,100
11,0,61,3692,33,99.6657754
0,0,0,0,0,100
6,0,4,20,3,100
3,0,1,98,0,100
1,0,0,0,0,100
4,0,1,32,0,100
0,0,0,0,0,100
0,0,0,0,0,100
6,0,14,321,6,100
3,0,2,41,0,100
0,0,0,0,0,100
20,0,144,3649,21,99.8994301
8,0,24,323,3,100
0,0,0,0,0,100
1,0,0,81,0,100
1,0,0,20,0,100
0,0,0,0,0,100
0,0,0,0,0,100
1,0,6,165,2,100
4,2,40,1435,10,99.83260797
5,0,4,118,1,100
1,0,11,561,0,100
2,0,2,41,0,100
2,0,10,545,5,100
4,0,5,96,0,100
212,208,3177,112394,2052,87.03394546
1,0,0,0,0,100
0,0,0,0,0,100
1,0,0,0,0,100
2,0,14,136,0,100
1,0,6,521,0,100
38,5,438,13207,124,93.01503095
6,1,30,1068,16,99.91764464
0,0,0,0,0,100
1,0,0,1,0,100
5,0,2,52,1,100
1,0,1,33,0,99.85641026
4,0,26,172,2,100
60,9,63,3806,27,98.66227619
0,0,0,0,0,100
1,0,0,56,0,100
0,0,0,0,0,100
0,0,0,0,0,100
7,0,3,352,1,100
3,0,1,136,1,100
1,0,0,0,0,100
0,0,0,0,0,100
0,0,0,0,0,100
0,0,0,0,0,100
0,0,0,0,0,100
23,0,33,1714,14,97.52895753
1,0,3,68,0,100
3,0,6,281,3,100
0,0,0,0,0,100
0,0,0,0,0,100
0,0,0,0,0,100
0,0,0,0,0,100
0,0,0,0,0,100
3,0,1,84,1,100
0,0,0,0,0,100
0,0,0,0,0,100
0,0,0,0,0,100
0,0,0,0,0,100
0,0,0,0,0,100
2,0,0,54,0,100
1,0,2,94,2,100
2,0,5,404,0,100
27,11,185,4954,58,97.44218641
0,0,0,0,0,100
0,0,0,0,0,100
0,0,0,0,0,100
8,0,14,243,0,100
1,0,4,133,0,100
3,0,2,95,2,100
3,0,7,402,1,100
1,0,0,0,0,100
2,0,4,109,1,100
2,0,0,48,0,100
0,0,0,0,0,100
3,0,9,220,5,100
3,3,28,1340,21,98.05672269
13,0,36,1307,6,100
1,0,1,11,0,100
1,0,2,52,1,100
3,0,10,271,3,100
4,1,23,1126,4,99.72747093
41,20,355,14547,173,95.8492003
3,0,3,275,2,99.80127186
6,3,32,2598,17,99.62465429
2,0,1,182,1,100
1,0,2,53,0,100
2,0,3,93,0,100
0,0,0,0,0,100
1,0,0,1,0,100
205,46,1816,144285,762,95.78768417
1,0,12,189,3,100
1,0,9,142,3,100
0,0,0,0,0,100
0,0,0,0,0,100
1,0,0,4,0,100
1,0,2,33,1,100
4,0,4,117,3,100
1,0,0,28,0,100
2,0,3,94,2,100
0,0,0,0,0,100
46,21,872,29309,361,89.23023818
1,0,1,91,0,100
2,0,4,89,0,100
1,0,5,188,2,100
1,0,0,62,0,100
6,0,38,1069,10,98.47204161
1,0,6,135,1,100
1,0,1,36,0,99.88724227
0,0,0,0,0,100
0,0,0,0,0,100
0,0,0,0,0,100
1,0,1,9,0,100
2,0,5,156,1,100
31,10,73,5877,65,97.14333725
15,3,150,4332,20,95.28254709
5,1,28,1078,8,97.85982683
7,0,22,1446,8,100
1,0,2,26,0,100
0,0,0,0,0,100
0,0,0,0,0,100
0,0,0,0,0,100
2,0,5,98,2,100
6,0,15,397,8,100
182,97,1511,68303,864,93.96804695
0,0,0,0,0,100
1,1,51,3733,29,99.81030667
0,0,0,0,0,100
0,0,0,0,0,100
7,0,1,376,0,99.376
8,0,15,1058,11,100
2,0,4,65,0,100
1,0,0,0,0,100
2,0,1,102,0,100
3,0,3,40,0,100
1,0,0,3,0,100
2,2,46,2118,17,99.91910694
12,0,9,159,2,97.90802213
12,0,12,221,3,100
0,0,0,0,0,100
1,0,2,58,0,100
1,0,4,52,0,100
3,0,5,231,0,97.81147682
0,0,0,0,0,100
1,0,0,5,0,100
0,0,0,0,0,100
0,0,0,0,0,100
3,0,4,300,5,100
3,0,17,643,8,94.71997558
19,0,43,1417,9,99.97093868
0,0,0,0,0,100
5,0,35,984,17,100
1,0,6,239,0,99.98547778
1,0,5,151,1,100
21,0,28,785,9,98.06263656
2,0,5,404,1,100
0,0,0,0,0,100
2,0,8,214,3,95.14429684
1,0,1,65,0,100
6,2,45,3762,14,99.8562989
0,0,0,0,0,100
0,0,0,0,0,100
1,0,2,95,0,100
0,0,0,0,0,100
18,0,41,1764,11,99.98404595
3,0,21,3199,18,99.85620706
1,0,0,10,0,100
0,0,0,0,0,100
1,0,0,0,0,100
4,0,9,754,6,100
4,0,14,1315,7,100
0,0,0,0,0,100
0,0,0,0,0,100
0,0,0,0,0,100
1,0,0,20,0,100
49,0,967,42794,443,96.14427861
0,0,0,0,0,100
7,0,18,449,4,100
1,0,0,2,0,100
3,0,13,526,8,100
0,0,0,0,0,100
1,0,0,0,0,100
13,0,1,43,2,100
0,0,0,0,0,100
9,0,26,1073,6,100
1,0,1,11,0,100
3,0,4,158,2,100
5,0,2,140,0,100
1,0,11,220,0,100
14,0,5,180,1,98.85875204
0,0,0,0,0,100
13,2,20,4203,14,99.92740999
1,0,14,355,3,100
0,0,0,0,0,100
2,0,5,157,1,100
2,0,19,651,8,100
0,0,0,0,0,100
10,0,8,1167,2,99.98549884
0,0,0,0,0,100
1,0,0,28,0,100
0,0,0,0,0,100
0,0,0,0,0,100
2,0,0,10,0,100
1,0,0,6,0,100
4,0,0,33,0,100
11,0,29,1758,3,96.54698243
2,0,0,38,0,100
0,0,0,0,0,100
2,0,1,41,0,100
3,0,7,174,1,100
2,0,2,29,0,100
0,0,0,0,0,100
2,1,9,640,8,99.95159729
1,0,1,56,1,100
1,0,0,25,0,100
1,0,4,115,1,100
3,0,2,82,1,100
4,0,2,121,0,100
0,0,0,0,0,100
1,0,0,0,0,100
1,0,1,29,0,96.48425558
2,0,2,0,0,95.79373734
0,0,0,0,0,100
0,0,0,0,0,100
1,0,0,14,0,100
0,0,0,0,0,100
1,0,4,89,0,100
5,0,2,269,1,100
32,7,140,5751,67,94.28920713
9,0,44,1082,12,100
1,0,0,18,0,100
4,0,0,0,0,100
0,0,0,0,0,100
5,0,0,111,3,100
13,0,50,1340,14,96.58037094
0,0,0,0,0,100
0,0,0,0,0,100
0,0,0,0,0,100
0,0,0,0,0,100
84,0,535,50588,217,90.87388449
0,0,0,0,0,100
13,0,0,0,0,100
0,0,0,0,0,100
0,0,0,0,0,100
22,5,56,3418,28,96.909257
0,0,0,0,0,100
0,0,0,0,0,100
0,0,0,0,0,100
0,0,0,0,0,100
6,0,9,429,1,100
0,0,0,0,0,100
1,0,0,23,0,100
9,0,12,326,5,100
0,0,0,0,0,100
2,0,6,297,0,100
0,0,0,0,0,100
0,0,0,0,0,100
0,0,0,0,0,100
0,0,0,0,0,100
0,0,0,0,0,100
4,0,25,757,3,97.94918886
0,0,0,0,0,100
0,0,0,0,0,100
1,0,0,0,0,100
1,0,0,0,0,100
0,0,0,0,0,100
3,0,4,103,0,99.98561979
3,0,5,583,2,100
4,0,1,38,2,98.68537666
1,0,0,62,0,100
1,0,4,79,1,100
0,0,0,0,0,100
0,0,0,0,0,100
0,0,0,0,0,100
1,0,1,29,0,100
0,0,0,0,0,100
2,0,6,345,1,100
2,0,3,99,2,100
1,0,0,26,0,100
1,0,1,13,0,100
8,1,33,874,13,96.86261559
0,0,0,0,0,100
1,0,12,312,4,99.96380746
1,0,2,58,0,100
1,0,2,31,0,100
0,0,0,0,0,100
5,0,12,544,0,100
0,0,0,0,0,100
3,0,10,284,0,100
0,0,0,0,0,100
2,0,9,209,2,100
1,0,1,22,0,100
1,0,7,124,1,100
1,0,0,25,0,100
0,0,0,0,0,100
1,0,0,26,0,100
2,0,3,64,2,100
4,0,1,29,2,100
2,0,3,90,2,100
10,1,70,1928,42,99.9276411
0,0,0,0,0,100
7,0,26,583,13,100
442,0,7400,355429,4288,71.53439153
0,0,0,0,0,100
0,0,0,0,0,100
2,0,0,15,0,100
1,0,2,139,0,100
0,0,0,0,0,100
16,0,40,1294,17,100
1,0,6,318,1,99.36012286
0,0,0,0,0,100
1,0,0,51,0,100
0,0,0,0,0,100
8,0,14,591,5,100
0,0,0,0,0,100
7,0,21,1170,5,99.71715094
2,0,2,47,1,100
6,0,15,261,3,100
1,1,15,699,4,99.63814939
0,0,0,0,0,100
0,0,0,0,0,100
1,0,4,150,0,100
5,0,6,198,3,100
1,0,2,80,0,100
2,0,3,76,1,100
1,0,0,5,0,100
0,0,0,0,0,100
0,0,0,0,0,100
1,0,0,5,0,100
1,0,1,25,0,100
15,0,12,492,7,100
5,0,3,10,1,100
5,0,22,472,6,100
2,0,3,51,1,100
1,0,0,3,0,100
0,0,0,0,0,100
1,0,0,3,0,100
0,0,0,0,0,100
1,0,0,0,0,100
1,0,0,46,0,100
1,0,0,0,0,100
4,1,15,524,9,99.84435798
2,0,3,91,3,100
1,0,0,16,0,100
1,0,0,0,0,100
5,0,9,223,4,100
5,0,8,191,4,91.7270195
4,0,1,27,1,100
1,0,0,8,0,100
6,0,7,176,4,100
2,0,6,240,4,100
1,0,5,82,1,100
5,0,30,814,6,100
5,0,5,209,0,100
2,0,1,59,1,100
0,0,0,0,0,100
4,0,13,630,7,100
7,4,48,2474,37,94.39704209
15,4,48,2820,41,99.62546816
2,1,16,953,9,93.601359
15,2,21,1522,14,93.63274588
1,0,0,10,0,100
13,3,43,2192,23,92.75479859
10,3,50,2065,19,91.2404468
4,0,1,6,0,100
7,1,34,1631,18,89.01238488
0,0,0,0,0,100
0,0,0,0,0,100
6,1,55,2153,19,94.17502032
0,0,0,0,0,100
2,0,0,5,0,100
24,0,81,2997,39,98.09616793
1,0,0,2,0,100
9,2,40,1538,18,99.89919355
4,0,7,237,5,100
15,0,44,12,23,99.59697733
2,0,6,234,4,100
10,0,3,188,4,100
4,0,19,655,5,99.03943377
3,2,19,1179,13,99.87338567
6,2,30,1331,17,99.8989899
13,12,280,8495,110,94.91803279
3,0,19,441,5,100
4,0,24,855,8,100
9,2,53,1691,23,99.7332543
13,1,5,715,0,99.61606615
5,0,3,85,1,100
1,0,5,74,2,100
4,0,10,425,3,96.90777091
3,0,6,138,1,100
5,0,4,138,2,100
1,0,0,7,0,100
2,0,1,26,1,100
4,0,0,12,0,100
4,0,5,93,1,100
2,0,2,25,0,100
2,0,1,10,0,100
1,0,0,41,0,100
4,0,1,2,1,100
1,0,1,13,0,100
0,0,0,0,0,100
1,0,1,8,0,100
2,0,0,22,0,100
0,0,0,0,0,100
3,0,6,22,0,100
0,0,0,0,0,100
2,1,265,9184,40,99.60639606
1,0,0,0,0,100
0,0,0,0,0,100
4,0,4,135,2,100
5,1,3,115,2,99.92647059
1,0,0,24,0,100
0,0,0,0,0,100
2,0,12,425,8,100
1,0,0,2,0,100
0,0,0,0,0,100
2,0,2,105,0,100
0,0,0,0,0,100
6,0,0,566,0,100
0,0,0,0,0,100
6,3,49,1780,23,99.82914328
4,0,4,131,3,100
2,0,0,11,0,100
0,0,0,0,0,100
0,0,0,0,0,100
3,0,5,68,2,100
8,3,131,3947,57,99.82972513
0,0,0,0,0,100
0,0,0,0,0,100
7,0,11,363,5,100
1,0,1,27,0,100
5,0,0,115,0,99.8306315
0,0,0,0,0,100
0,0,0,0,0,100
2,0,1,16,0,100
1,0,1,2,0,100
4,0,6,558,4,99.87948903
4,0,8,117,2,100
3,0,12,463,3,100
24,3,38,1496,23,96.41234155
5,0,12,910,5,100
1,0,0,0,0,100
0,0,0,0,0,100
2,0,0,41,0,100
13,0,15,469,9,100
1,0,1,15,0,100
2,0,3,165,0,100
0,0,0,0,0,100
2,0,0,4,0,100
1,0,4,113,3,100
1,0,1,12,0,100
7,0,2,112,1,99.8330949
2,0,0,18,0,100
1,0,0,11,0,100
3,0,13,401,4,100
1,0,1,9,0,100
0,0,0,0,0,100
0,0,0,0,0,100
2,0,2,105,2,100
1,0,1,43,0,100
1,0,3,24,0,100
16,1,33,1888,14,99.42238267
1,0,2,60,2,100
0,0,0,0,0,100
0,0,0,0,0,100
0,0,0,0,0,100
0,0,0,0,0,100
0,0,0,0,0,100
2,0,2,63,0,100
0,0,0,0,0,100
9,3,184,4602,53,99.83095871
0,0,0,0,0,100
0,0,0,0,0,100
0,0,0,0,0,100
0,0,0,0,0,100
0,0,0,0,0,100
1,0,0,0,0,100
0,0,0,0,0,100
0,0,0,0,0,100
13,3,96,4877,51,97.39108409
0,0,0,0,0,100
1,0,0,0,0,100
2,0,3,50,0,100
3,0,2,83,0,100
1,1,77,2968,31,99.94666667
4,0,31,863,7,100
0,0,0,0,0,100
14,0,14,582,1,100
9,1,69,2131,39,99.54276493
5,0,22,631,3,100
12,0,21,494,5,97.87175235
0,0,0,0,0,100
2,0,8,399,4,100
1,0,9,290,2,100
1,0,2,57,0,100
1,0,1,18,0,100
8,0,11,457,2,97.22712377
3,0,6,168,1,100
3,0,3,72,2,100
0,0,0,0,0,100
3,0,12,312,3,100
7,0,19,556,4,100
3,1,28,909,11,99.86310746
0,0,0,0,0,100
2,0,0,43,0,100
0,0,0,0,0,100
0,0,0,0,0,100
0,0,0,0,0,100
0,0,0,0,0,100
0,0,0,0,0,100
0,0,0,0,0,100
6,0,25,972,7,100
0,0,0,0,0,100
3,0,1,74,0,100
18,0,22,734,1,92.14015152
6,0,17,397,5,100
6,0,22,654,3,92.16568047
24,0,46,1359,5,92.99001815
0,0,0,0,0,100
2,0,2,41,1,99.25208975
2,0,1,63,0,100
12,0,51,1755,9,99.93566374
0,0,0,0,0,100
42,13,539,10374,297,95.80779118
8,1,77,3083,42,96.76216641
1,1,33,1593,15,96.28107262
2,0,2,79,1,100
0,0,0,0,0,100
1,0,4,56,0,100
0,0,0,0,0,100
0,0,0,0,0,100
0,0,0,0,0,100
0,0,0,0,0,100
1,0,1,24,0,100
3,0,0,2,0,100
0,0,0,0,0,100
0,0,0,0,0,100
1,0,3,99,1,100
1,0,2,50,1,100
0,0,0,0,0,100
8,3,41,2152,20,99.05178702
10,0,39,2015,17,99.05178702
15,3,39,2015,17,99.05178702
1,0,0,1,0,100
0,0,0,0,0,100
2,1,7,684,5,99.92720655
1,0,4,187,4,100
7,0,24,1528,9,99.61797344
5,0,10,725,6,100
1,0,2,72,0,100
1,0,2,114,2,100
0,0,0,0,0,100
2,0,0,12,0,100
1,0,2,68,0,100
0,0,0,0,0,100
0,0,0,0,0,100
5,0,2,80,2,100
8,0,3,720,3,100
4,0,25,650,14,100
8,0,3,282,3,100
2,0,2,107,1,100
8,2,48,2126,22,92.7337081
8,0,5,312,2,100
13,0,58,1451,13,97.24064739
2,0,5,147,1,100
8,0,5,312,2,100
6,1,9,285,4,99.94169096
6,2,47,1807,32,99.76723887
1,0,0,16,0,100
0,0,0,0,0,100
1,0,2,49,0,100
12,2,33,2264,34,91.00785945
0,0,0,0,0,100
1,0,2,60,0,100
6,0,34,1008,9,100
2,0,0,0,0,100
0,0,0,0,0,100
0,0,0,0,0,100
2,0,3,83,0,100
3,0,3,68,0,100
0,0,0,0,0,100
0,0,0,0,0,100
0,0,0,0,0,100
19,6,40,1215,30,98.5770751
10,0,20,713,3,98.75910971
15,3,150,3890,69,99.86674281
2,0,3,135,0,100
0,0,0,0,0,100
6,0,0,6,0,100
2,0,0,1,0,100
1,0,1,72,1,100
0,0,0,0,0,100
0,0,0,0,0,100
0,0,0,0,0,100
0,0,0,0,0,100
7,0,15,200,5,99.98099582
9,0,15,3436,10,100
6,0,6,170,5,99.90496103
5,0,0,46,0,100
0,0,0,0,0,100
1,0,0,37,0,100
0,0,0,0,0,100
0,0,0,0,0,100
3,1,21,2339,17,99.35959635
1,0,0,26,0,100
0,0,0,0,0,100
1,0,4,81,1,100
1,0,5,19,3,100
3,0,11,283,6,100
2,0,7,430,5,100
3,0,14,71,5,100
1,0,0,0,0,100
0,0,0,0,0,100
0,0,0,0,0,100
10,2,21,2069,18,98.95662848
1,0,0,0,0,100
5,0,9,766,2,100
19,19,269,12894,135,99.07834101
0,0,0,0,0,100
0,0,0,0,0,100
4,0,41,999,13,97.05561614
1,0,2,19,0,100
5,0,6,633,0,99.42422847
0,0,0,0,0,100
0,0,0,0,0,100
22,6,97,3546,43,95.43634908
4,0,2,22,1,99.17780062
0,0,0,0,0,100
0,0,0,0,0,100
0,0,0,0,0,100
0,0,0,0,0,100
0,0,0,0,0,100
0,0,0,0,0,100
5,0,36,1253,5,99.95016611
0,0,0,0,0,100
12,5,50,1819,24,99.75153222
17,0,223,8676,59,99.19884634
0,0,0,0,0,100
0,0,0,0,0,100
0,0,0,0,0,100
0,0,0,0,0,100
1,0,1,19,0,100
8,1,0,2,0,99.87562189
0,0,0,0,0,100
0,0,0,0,0,100
0,0,0,0,0,100
9,0,32,1934,13,98.64756078
0,0,0,0,0,100
0,0,0,0,0,100
0,0,0,0,0,100
7,2,19,905,17,93.84892807
3,1,3,247,3,99.70141826
2,0,4,711,1,100
2,0,4,156,1,100
1,0,10,138,1,100
7,0,17,1004,9,100
0,0,0,0,0,100
0,0,0,0,0,100
1,0,0,4,0,100
0,0,0,0,0,100
1,0,0,0,0,100
8,2,18,964,13,99.87657369
1,0,1,9,0,100
0,0,0,0,0,100
3,0,8,195,1,100
19,2,28,243,1,97.12941176
0,0,0,0,0,100
0,0,0,0,0,100
0,0,0,0,0,100
0,0,0,0,0,100
1,0,0,0,0,100
2,0,8,432,1,100
18,8,111,4762,56,98.05194805
0,0,0,0,0,100
0,0,0,0,0,100
3,1,3,301,2,99.95831596
3,0,8,191,4,100
0,0,0,0,0,100
2,0,13,321,5,100
0,0,0,0,0,100
3,0,1,89,0,100
0,0,0,0,0,100
2,0,10,82,0,100
0,0,0,0,0,100
4,0,7,496,2,100
8,5,77,3426,50,98.35903519
6,0,1,16,1,100
0,0,0,0,0,100
0,0,0,0,0,100
0,0,0,0,0,100
1,0,0,23,0,100
1,0,0,8,0,100
0,0,0,0,0,100
0,0,0,0,0,100
1,0,0,4,0,100
0,0,0,0,0,100
0,0,0,0,0,100
1,0,0,0,0,100
0,0,0,0,0,100
0,0,0,0,0,100
0,0,0,0,0,100
3,1,27,1555,12,99.90597969
0,0,0,0,0,100
1,0,1,45,0,100
1,0,0,10,0,100
25,4,168,5449,90,97.23111697
0,0,0,0,0,100
0,0,0,0,0,100
0,0,0,0,0,100
5,0,1,271,3,100
2,0,5,275,2,100
0,0,0,0,0,100
14,0,42,1391,18,97.35990462
0,0,0,0,0,100
0,0,0,0,0,100
19,0,6,71,6,100
0,0,0,0,0,100
0,0,0,0,0,100
3,0,1,33,1,100
1,0,0,10,0,100
1,0,0,8,0,100
2,0,0,1,0,100
0,0,0,0,0,100
4,0,47,1123,8,100
10,4,52,1943,24,99.86061639
1,0,3,59,1,100
1,0,0,26,0,100
4,0,17,836,9,100
0,0,0,0,0,100
0,0,0,0,0,100
2,0,3,59,0,100
7,0,3,215,1,98.14510834
1,0,0,17,0,100
2,0,4,150,2,100
2,0,0,86,0,100
1,0,0,13,0,100
0,0,0,0,0,100
1,0,0,0,0,100
0,0,0,0,0,100
2,0,8,182,6,100
7,0,0,42,0,100
2,0,0,11,0,100
6,0,4,639,2,99.9300577
2,0,12,599,4,100
8,0,131,3736,7,100
2,0,5,129,1,100
1,0,0,15,0,100
1,0,0,4,0,100
1,0,0,9,0,100
1,0,4,77,1,100
1,0,4,62,1,100
8,0,11,442,3,100
4,0,4,178,2,100
2,0,15,780,6,100
0,0,0,0,0,100
2,0,2,11,0,100
1,0,0,8,0,100
2,0,10,432,4,100
1,0,1,31,0,100
2,0,4,56,1,100
4,0,12,296,0,100
20,0,30,1109,9,100
1,0,3,36,0,100
1,0,0,8,0,100
2,0,0,22,0,100
2,0,0,11,0,100
0,0,0,0,0,100
0,0,0,0,0,100
0,0,0,0,0,100
0,0,0,0,0,100
1,0,1,31,0,100
1,0,1,41,0,100
1,0,1,6,0,100
0,0,0,0,0,100
16,0,22,272,10,100
1,0,0,8,0,100
9,0,10,532,8,100
1,0,0,1,0,100
0,0,0,0,0,100
18,1,85,2685,51,99.38218637
1,0,0,28,0,100
3,0,1,324,0,100
1,0,0,0,0,100
2,0,1,23,0,100
8,0,10,193,7,100
1,0,5,226,1,100
0,0,0,0,0,100
0,0,0,0,0,100
4,0,4,117,1,100
0,0,0,0,0,100
0,0,0,0,0,100
0,0,0,0,0,100
2,0,7,195,0,100
0,0,0,0,0,100
6,2,48,2708,26,97.89418726
9,0,23,943,7,99.94607226
1,0,32,1006,5,100
2,0,1,22,0,100
0,0,0,0,0,100
0,0,0,0,0,100
0,0,0,0,0,100
11,1,53,2035,17,99.83769161
0,0,0,0,0,100
0,0,0,0,0,100
0,0,0,0,0,100
3,1,26,1473,12,99.85525602
11,0,28,1405,12,100
1,0,0,0,0,100
1,0,1,16,0,100
0,0,0,0,0,100
0,0,0,0,0,100
0,0,0,0,0,100
0,0,0,0,0,100
14,0,36,1498,17,100
0,0,0,0,0,100
0,0,0,0,0,100
0,0,0,0,0,100
0,0,0,0,0,100
0,0,0,0,0,100
2,1,7,734,5,99.92768035
0,0,0,0,0,100
0,0,0,0,0,100
0,0,0,0,0,100
0,0,0,0,0,100
0,0,0,0,0,100
0,0,0,0,0,100
0,0,0,0,0,100
2,0,16,669,5,96.96491228
0,0,0,0,0,100
0,0,0,0,0,100
0,0,0,0,0,100
0,0,0,0,0,100
0,0,0,0,0,100
2,0,2,303,1,93.90243902
1,0,3,52,1,100
0,0,0,0,0,100
3,3,4,382,3,99.84350548
3,1,2,252,0,97.48311848
3,0,1,330,1,100
0,0,0,0,0,100
2,0,2,970,4,100
0,0,0,0,0,100
3,0,9,218,4,100
3,0,2,53,0,100
2,0,24,509,6,100
0,0,0,0,0,100
2,0,6,254,2,100
1,0,4,104,0,100
0,0,0,0,0,100
4,0,11,481,4,100
0,0,0,0,0,100
6,0,31,1431,11,100
0,0,0,0,0,100
1,0,1,32,0,100
0,0,0,0,0,100
6,2,8,384,7,99.88677109
2,0,2,92,0,100
1,0,0,7,0,100
2,0,0,82,0,100
0,0,0,0,0,100
10,0,18,684,6,100
0,0,0,0,0,100
2,0,0,18,0,100
1,0,1,7,0,100
8,0,4,135,2,94.24517146
0,0,0,0,0,100
0,0,0,0,0,100
0,0,0,0,0,100
16,0,54,1601,18,99.83481313
0,0,0,0,0,100
17,1,28,1921,14,94.78224279
1,0,0,10,0,100
3,0,3,86,1,98.8372093
11,0,21,1037,9,100
3,0,2,55,1,100
1,0,0,0,0,100
7,0,14,900,7,99.97914929
2,0,0,32,0,100
2,0,2,40,0,100
1,0,3,86,1,100
1,0,0,16,0,100
1,0,11,357,2,100
3,0,1,35,1,100
0,0,0,0,0,100
2,0,6,100,0,100
4,0,9,675,5,100
1,0,0,44,0,100
0,0,0,0,0,100
0,0,0,0,0,100
2,0,33,772,9,100
12,0,18,205,5,100
1,0,0,0,0,100
2,0,4,119,0,100
3,0,3,230,2,98.47726325
0,0,0,0,0,100
6,0,33,902,9,100
1,0,0,13,0,100
1,0,1,31,0,100
0,0,0,0,0,100
2,0,2,202,1,100
24,5,196,8306,83,93.19754795
0,0,0,0,0,100
0,0,0,0,0,100
0,0,0,0,0,100
2,0,0,48,0,100
0,0,0,0,0,100
0,0,0,0,0,100
2,0,8,170,1,100
1,0,1,14,0,100
1,0,0,8,0,100
3,0,2,49,0,100
0,0,0,0,0,100
0,0,0,0,0,100
0,0,0,0,0,100
1,0,0,72,0,100
3,0,2,86,1,100
1,0,1,12,0,100
10,0,81,2684,16,93.82477808
0,0,0,0,0,100
2,0,15,503,2,100
3,0,3,106,2,100
2,0,4,140,2,100
4,2,37,1261,17,99.84145858
3,0,4,159,1,100
6,0,10,424,2,100
10,0,13,399,6,100
0,0,0,0,0,100
0,0,0,0,0,100
0,0,0,0,0,100
0,0,0,0,0,100
8,0,53,1868,23,100
0,0,0,0,0,100
0,0,0,0,0,100
0,0,0,0,0,100
0,0,0,0,0,100
0,0,0,0,0,100
0,0,0,0,0,100
0,0,0,0,0,100
29,11,195,7908,102,93.2016711
8,3,37,1619,30,99.87251867
0,0,0,0,0,100
1,0,0,21,0,100
0,0,0,0,0,100
0,0,0,0,0,100
5,0,7,88,0,100
1,0,0,8,0,100
8,0,37,1619,30,99.87251867
29,0,195,7908,102,93.2016711
0,0,0,0,0,100
4,1,6,401,2,99.92083911
0,0,0,0,0,100
0,0,0,0,0,100
0,0,0,0,0,100
0,0,0,0,0,100
0,0,0,0,0,100
2,2,23,766,13,99.9012053
1,0,0,0,0,100
8,2,76,2209,43,99.82252021
2,0,1,5,0,100
40,7,98,5296,67,99.54760031
1,0,2,42,0,100
4,0,21,623,3,100
40,3,19,220,6,96.28621427
0,0,0,0,0,100
3,0,15,594,4,100
1,0,1,56,0,100
0,0,0,0,0,100
24,10,106,5569,61,93.03454715
3,0,7,208,3,94.47822514
1,0,10,201,0,100
3,0,1,31,1,100
0,0,0,0,0,100
1,0,7,217,0,100
3,0,4,149,0,100
0,0,0,0,0,100
0,0,0,0,0,100
0,0,0,0,0,100
0,0,0,0,0,100
0,0,0,0,0,100
4,0,19,342,4,100
0,0,0,0,0,100
0,0,0,0,0,100
0,0,0,0,0,100
12,3,68,2913,37,99.76008397
1,0,1,15,0,100
0,0,0,0,0,100
0,0,0,0,0,100
0,0,0,0,0,100
9,1,87,3548,22,99.88025745
5,0,1,58,0,100
3,0,16,302,4,100
1,0,0,0,0,100
0,0,0,0,0,100
2,0,11,391,1,100
2,0,11,391,1,100
2,0,11,391,1,100
1,0,0,1,0,100
7,0,61,5378,38,100
0,0,0,0,0,100
0,0,0,0,0,100
0,0,0,0,0,100
1,0,0,0,0,100
0,0,0,0,0,100
0,0,0,0,0,100
1,0,0,8,0,100
0,0,0,0,0,100
0,0,0,0,0,100
3,0,2,89,1,100
1,0,1,11,0,100
2,0,1,185,0,100
1,0,1,25,0,100
2,0,0,5,0,100
2,0,0,113,0,100
5,0,13,1339,2,100
0,0,0,0,0,100
1,0,1,57,0,100
0,0,0,0,0,100
0,0,0,0,0,100
0,0,0,0,0,100
0,0,0,0,0,100
1,0,0,0,0,100
1,0,3,52,0,100
6,0,19,608,5,100
0,0,0,0,0,100
0,0,0,0,0,100
1,0,20,777,3,100
1,0,0,8,0,100
0,0,0,0,0,100
5,0,2,109,2,100
4,0,4,57,1,100
10,1,107,4346,47,98.20577961
1,0,1,11,0,100
8,0,14,677,5,100
2,0,1,51,0,100
2,0,0,2,0,100
0,0,0,0,0,100
0,0,0,0,0,100
1,0,0,43,0,100
14,0,28,891,7,100
3,0,1,111,4,100
2,0,4,109,1,100
2,0,2,41,0,100
1,0,0,0,0,100
2,0,0,9,0,100
0,0,0,0,0,100
0,0,0,0,0,100
0,0,0,0,0,100
0,0,0,0,0,100
0,0,0,0,0,100
2,0,9,240,3,100
1,0,0,0,0,100
0,0,0,0,0,100
0,0,0,0,0,100
36,0,23,1672,15,96.47651007
0,0,0,0,0,100
0,0,0,0,0,100
1,0,2,28,0,100
5,0,12,708,6,99.60139512
1,0,0,45,0,100
0,0,0,0,0,100
1,0,7,248,2,100
0,0,0,0,0,100
4,0,5,142,2,100
0,0,0,0,0,100
3,0,5,137,0,100
4,0,4,72,0,100
0,0,0,0,0,100
1,0,0,2,0,100
5,1,7,868,5,97.18843785
4,1,13,983,9,98.94470868
3,1,15,1387,15,99.97075168
6,0,9,349,3,100
0,0,0,0,0,100
2,0,2,58,2,100
2,0,1,35,1,100
1,0,3,55,1,100
2,0,3,82,1,100
1,0,1,24,0,100
0,0,0,0,0,100
0,0,0,0,0,100
0,0,0,0,0,100
0,0,0,0,0,100
0,0,0,0,0,100
0,0,0,0,0,100
4,0,27,1049,14,100
2,0,5,243,1,100
4,0,25,1379,5,100
0,0,0,0,0,100
0,0,0,0,0,100
0,0,0,0,0,100
0,0,0,0,0,100
1,0,1,15,0,100
2,0,0,53,0,100
2,0,6,546,2,100
0,0,0,0,0,100
1,0,0,13,0,100
0,0,0,0,0,100
2,0,3,364,3,100
0,0,0,0,0,100
0,0,0,0,0,100
5,0,0,0,0,100
2,0,0,73,0,100
0,0,0,0,0,100
0,0,0,0,0,100
0,0,0,0,0,100
0,0,0,0,0,100
0,0,0,0,0,100
0,0,0,0,0,100
0,0,0,0,0,100
0,0,0,0,0,100
1,0,0,7,0,100
2,0,0,68,0,100
3,0,13,278,2,100
0,0,0,0,0,100
0,0,0,0,0,100
0,0,0,0,0,100
0,0,0,0,0,100
2,0,2,110,0,100
0,0,0,0,0,100
0,0,0,0,0,100
14,0,50,2249,15,99.00696606
1,0,0,130,0,100
1,0,8,210,0,100
2,0,0,23,0,100
6,3,49,2553,26,95.71041031
3,0,0,24,0,100
1,0,28,1476,13,100
0,0,0,0,0,100
0,0,0,0,0,100
0,0,0,0,0,100
1,0,0,17,0,100
2,0,9,364,3,100
0,0,0,0,0,100
3,0,6,203,1,99.94167963
1,0,0,20,0,100
3,0,8,201,2,100
3,0,0,58,0,100
1,0,5,59,0,100
1,0,2,21,1,95.58001693
0,0,0,0,0,100
9,2,211,15121,152,94.84398465
0,0,0,0,0,100
0,0,0,0,0,100
8,2,21,1938,14,93.31355094
1,0,3,68,1,100
4,1,9,431,4,99.49895616
3,0,1,36,1,100
0,0,0,0,0,100
0,0,0,0,0,100
0,0,0,0,0,100
6,3,29,1350,21,95.62058946
7,0,3,22,2,99.91737244
40,0,22,3374,69,89.01187362
7,7,106,5923,50,99.64871194
7,0,2,39,1,100
5,0,55,4012,18,100
0,0,0,0,0,100
6,1,26,1139,9,99.96114996
0,0,0,0,0,100
5,1,23,1128,11,99.92237532
0,0,0,0,0,100
0,0,0,0,0,100
2,0,6,164,1,100
0,0,0,0,0,100
0,0,0,0,0,100
0,0,0,0,0,100
0,0,0,0,0,100
1,0,4,289,1,100
0,0,0,0,0,100
1,0,3,73,2,100
0,0,0,0,0,100
0,0,0,0,0,100
0,0,0,0,0,100
1,0,1,32,0,96.32714072
0,0,0,0,0,100
0,0,0,0,0,100
2,0,3,216,1,99.76230093
1,0,0,6,0,100
0,0,0,0,0,100
0,0,0,0,0,100
0,0,0,0,0,100
3,0,1,104,0,100
2,0,3,92,1,100
1,0,2,39,0,100
6,0,15,558,3,100
0,0,0,0,0,100
3,0,10,344,7,100
0,0,0,0,0,100
1,0,1,8,0,100
1,0,0,13,1,100
0,0,0,0,0,100
6,0,20,280,5,100
2,0,0,30,0,100
1,0,0,0,0,100
0,0,0,0,0,100
0,0,0,0,0,100
0,0,0,0,0,100
3,0,3,107,2,100
2,0,1,44,0,100
0,0,0,0,0,100
0,0,0,0,0,100
1,0,0,0,0,100
1,0,1,30,0,100
0,0,0,0,0,100
0,0,0,0,0,100
2,0,0,90,0,100
0,0,0,0,0,100
2,0,48,1266,7,100
0,0,0,0,0,100
0,0,0,0,0,100
30,21,381,14616,238,98.85057471
1,0,0,16,0,100
4,1,12,699,4,99.9306198
1,0,1,29,0,100
0,0,0,0,0,100
1,0,0,13,0,100
0,0,0,0,0,100
1,0,1,39,0,100
1,0,0,94,0,100
33,0,2,255,11,97.30487279
0,0,0,0,0,100
3,0,0,39,0,100
0,0,0,0,0,100
0,0,0,0,0,100
0,0,0,0,0,100
5,0,7,36,1,100
0,0,0,0,0,100
0,0,0,0,0,100
11,2,6,362,2,99.89909183
5,0,25,859,14,97.6400614
0,0,0,0,0,100
2,0,1,36,0,100
0,0,0,0,0,100
6,0,9,431,3,92.07746479
2,0,0,20,0,100
6,1,36,1554,17,99.95800084
0,0,0,0,0,100
2,0,0,23,0,100
1,0,1,23,0,100
0,0,0,0,0,100
0,0,0,0,0,100
0,0,0,0,0,100
0,0,0,0,0,100
0,0,0,0,0,100
0,0,0,0,0,100
0,0,0,0,0,100
0,0,0,0,0,100
0,0,0,0,0,100
1,0,0,20,0,100
7,0,3,143,2,100
0,0,0,0,0,100
1,0,3,66,0,100
1,0,18,54,0,100
1,0,1,92,0,100
1,0,0,14,0,100
1,0,0,48,0,100
7,1,4,195,3,98.87567568
0,0,0,0,0,100
1,0,0,0,0,100
2,0,0,24,0,100
0,0,0,0,0,100
1,0,12,142,2,100
2,0,14,464,3,100
0,0,0,0,0,100
0,0,0,0,0,100
0,0,0,0,0,100
0,0,0,0,0,100
0,0,0,0,0,100
1,0,1,23,0,100
0,0,0,0,0,100
1,0,5,138,4,100
2,0,6,343,4,99.84416741
0,0,0,0,0,100
0,0,0,0,0,100
0,0,0,0,0,100
2,0,2,38,2,100
5,0,17,287,4,100
0,0,0,0,0,100
0,0,0,0,0,100
0,0,0,0,0,100
0,0,0,0,0,100
0,0,0,0,0,100
0,0,0,0,0,100
0,0,0,0,0,100
1,0,0,3,0,100
0,0,0,0,0,100
0,0,0,0,0,100
0,0,0,0,0,100
0,0,0,0,0,100
0,0,0,0,0,100
1,0,4,118,0,100
1,0,0,2,0,100
2,0,15,301,3,100
0,0,0,0,0,100
12,1,214,4736,103,99.44382647
2,0,0,0,0,100
0,0,0,0,0,100
1,0,3,220,1,100
0,0,0,0,0,100
0,0,0,0,0,100
8,0,32,1829,9,100
21,7,240,8387,75,96.52394107
13,0,5,88,0,100
8,2,33,2828,22,95.8497053
3,0,2,55,1,100
2,0,2,66,1,96.81174089
5,0,3,121,0,100
2,0,9,191,2,100
3,0,1,84,1,99.8480628
1,0,0,0,0,100
0,0,0,0,0,100
3,0,1,100,1,100
1,0,2,6,0,100
3,0,42,3359,13,94.90699734
0,0,0,0,0,100
1,0,4,39,0,100
1,0,2,6,0,100
6,1,37,1633,18,97.91144528
0,0,0,0,0,100
0,0,0,0,0,100
1,0,1,10,0,100
0,0,0,0,0,100
1,0,2,32,1,100
1,0,1,66,0,100
3,0,0,12,0,100
4,0,2,109,1,100
5,0,0,136,0,100
1,0,0,7,0,100
2,0,1,33,1,100
3,0,27,1310,13,99.77683553
2,0,1,22,0,100
1,0,6,222,1,100
0,0,0,0,0,100
0,0,0,0,0,100
0,0,0,0,0,100
1,0,0,0,0,100
6,1,37,1654,13,99.86556128
4,0,0,0,0,100
0,0,0,0,0,100
0,0,0,0,0,100
0,0,0,0,0,100
0,0,0,0,0,100
0,0,0,0,0,100
0,0,0,0,0,100
0,0,0,0,0,100
0,0,0,0,0,100
0,0,0,0,0,100
0,0,0,0,0,100
0,0,0,0,0,100
0,0,0,0,0,100
0,0,0,0,0,100
0,0,0,0,0,100
0,0,0,0,0,100
1,0,1,24,0,100
0,0,0,0,0,100
1,0,15,417,0,100
1,0,1,10,0,100
1,0,0,4,0,100
0,0,0,0,0,100
0,0,0,0,0,100
0,0,0,0,0,100
0,0,0,0,0,100
0,0,0,0,0,100
0,0,0,0,0,100
0,0,0,0,0,100
0,0,0,0,0,100
0,0,0,0,0,100
2,0,22,918,6,100
8,0,6,296,2,99.84266127
7,0,20,429,6,100
0,0,0,0,0,100
1,0,0,6,0,100
10,5,93,3227,36,99.75330792
0,0,0,0,0,100
6,1,24,2285,11,93.01755048
0,0,0,0,0,100
0,0,0,0,0,100
0,0,0,0,0,100
39,14,251,12460,156,95.02469362
11,0,6,211,2,100
0,0,0,0,0,100
2,0,0,4,0,100
2,0,4,362,2,95.88988721
0,0,0,0,0,100
0,0,0,0,0,100
0,0,0,0,0,100
3,1,9,714,5,99.92931613
13,1,17,534,6,93.82032835
0,0,0,0,0,100
0,0,0,0,0,100
0,0,0,0,0,100
0,0,0,0,0,100
0,0,0,0,0,100
5,1,23,695,13,93.45703125
1,0,0,0,0,100
2,0,1,28,1,100
4,0,30,977,6,100
1,0,1,36,0,100
18,7,163,6252,35,99.54652997
1,0,0,47,0,100
2,0,1,62,1,100
2,0,0,490,2,100
1,0,1,5,1,100
0,0,0,0,0,100
0,0,0,0,0,100
1,0,2,12,0,100
1,0,0,13,0,100
0,0,0,0,0,100
1,0,3,52,0,100
1,0,0,27,0,100
0,0,0,0,0,100
0,0,0,0,0,100
2,0,41,1180,4,100
0,0,0,0,0,100
2,0,2,36,0,100
6,0,8,296,1,100
1,0,0,2,0,100
3,0,6,463,2,100
0,0,0,0,0,100
26,5,63,2601,37,99.40334129
2,0,0,11,0,100
13,0,62,2311,26,100
1,0,1,20,0,100
2,0,23,513,7,100
1,0,0,0,0,100
0,0,0,0,0,100
0,0,0,0,0,100
0,0,0,0,0,100
0,0,0,0,0,100
1,0,0,30,0,100
0,0,0,0,0,100
2,0,2,66,0,100
0,0,0,0,0,100
0,0,0,0,0,100
1,0,0,0,0,100
1,0,0,0,0,100
0,0,0,0,0,100
5,0,8,274,4,100
0,0,0,0,0,100
1,0,0,17,0,100
3,0,4,40,0,100
3,0,14,419,4,100
1,0,0,0,0,100
0,0,0,0,0,100
3,1,12,788,6,100
0,0,0,0,0,100
0,0,0,0,0,100
0,0,0,0,0,100
0,0,0,0,0,100
0,0,0,0,0,100
0,0,0,0,0,100
0,0,0,0,0,100
0,0,0,0,0,100
1,0,1,13,0,100
6,0,9,327,1,100
0,0,0,0,0,100
0,0,0,0,0,100
4,0,5,126,1,100
9,0,39,1085,11,100
0,0,0,0,0,100
1,0,0,4,0,100
0,0,0,0,0,100
0,0,0,0,0,100
3,0,0,3,0,100
7,0,2,61,2,100
0,0,0,0,0,100
0,0,0,0,0,100
2,0,5,236,4,100
2,0,0,14,0,100
0,0,0,0,0,100
2,0,3,26,0,100
5,0,14,659,4,100
1,0,0,0,0,100
0,0,0,0,0,100
0,0,0,0,0,100
0,0,0,0,0,100
1,0,0,21,0,100
1,0,1,24,0,100
0,0,0,0,0,100
0,0,0,0,0,100
0,0,0,0,0,100
0,0,0,0,0,100
3,0,13,551,4,100
1,0,0,4,0,100
0,0,0,0,0,100
2,0,2,258,1,100
1,0,4,40,0,100
0,0,0,0,0,100
0,0,0,0,0,100
0,0,0,0,0,100
0,0,0,0,0,100
2,0,1,224,1,99.81891348
1,0,0,28,0,100
7,2,32,2324,16,99.89945707
1,0,3,69,4,100
5,1,32,1014,5,99.95983936
0,0,0,0,0,100
0,0,0,0,0,100
0,0,0,0,0,100
1,0,0,12,0,100
0,0,0,0,0,100
0,0,0,0,0,100
0,0,0,0,0,100
0,0,0,0,0,100
0,0,0,0,0,100
0,0,0,0,0,100
5,0,11,237,4,100
4,0,8,488,6,99.9397953
0,0,0,0,0,100
0,0,0,0,0,100
0,0,0,0,0,100
1,0,2,26,0,100
0,0,0,0,0,100
0,0,0,0,0,100
4,0,5,139,0,100
0,0,0,0,0,100
1,0,0,45,0,100
0,0,0,0,0,100
0,0,0,0,0,100
1,0,0,15,0,100
0,0,0,0,0,100
0,0,0,0,0,100
0,0,0,0,0,100
1,0,0,5,0,100
0,0,0,0,0,100
7,0,5,194,0,100
10,0,11,514,1,100
2,0,22,714,5,100
11,2,69,2621,30,99.89977951
5,1,15,728,4,99.91990388
0,0,0,0,0,100
0,0,0,0,0,100
0,0,0,0,0,100
0,0,0,0,0,100
2,0,1,42,0,100
0,0,0,0,0,100
1,0,2,92,1,100
2,1,17,603,3,99.3066561
1,0,0,0,0,100
0,0,0,0,0,100
20,1,24,1513,22,99.08578098
8,0,9,382,3,100
3,0,2,164,0,99.96137505
0,0,0,0,0,100
0,0,0,0,0,100
8,1,180,7138,60,99.90345627
0,0,0,0,0,100
1,0,7,86,0,100
1,0,2,29,0,100
4,1,49,4336,18,99.15730337
0,0,0,0,0,100
1,0,1,4,0,100
1,0,0,7,0,100
1,0,0,29,0,100
0,0,0,0,0,100
2,0,15,361,3,100
11,3,128,4958,50,91.03343465
0,0,0,0,0,100
0,0,0,0,0,100
1,0,0,0,0,100
0,0,0,0,0,100
3,0,5,250,2,99.94034599
0,0,0,0,0,100
0,0,0,0,0,100
1,0,0,2,0,100
0,0,0,0,0,100
0,0,0,0,0,100
1,0,0,21,0,100
0,0,0,0,0,100
0,0,0,0,0,100
1,0,0,42,0,100
0,0,0,0,0,100
0,0,0,0,0,100
3,0,0,0,0,100
7,0,5,546,1,100
0,0,0,0,0,100
1,0,1,15,0,100
0,0,0,0,0,100
0,0,0,0,0,100
0,0,0,0,0,100
0,0,0,0,0,100
1,0,0,0,0,100
1,0,2,20,0,100
0,0,0,0,0,100
1,0,4,68,0,100
5,0,5,216,2,98.34727607
0,0,0,0,0,100
0,0,0,0,0,100
0,0,0,0,0,100
5,1,319,10238,50,99.95812395
0,0,0,0,0,100
2,0,9,315,0,100
6,0,0,107,0,100
1,0,2,46,0,100
0,0,0,0,0,100
0,0,0,0,0,100
0,0,0,0,0,100
0,0,0,0,0,100
0,0,0,0,0,100
3,0,0,764,0,100
0,0,0,0,0,100
0,0,0,0,0,100
0,0,0,0,0,100
0,0,0,0,0,100
0,0,0,0,0,100
4,0,5,229,2,100
1,0,3,27,0,100
1,0,1,31,0,100
0,0,0,0,0,100
0,0,0,0,0,100
0,0,0,0,0,100
3,0,0,48,0,100
2,0,5,334,2,99.6442026
0,0,0,0,0,100
2,0,10,240,1,100
0,0,0,0,0,100
2,1,36,1350,7,99.91631799
2,0,2,270,1,100
0,0,0,0,0,100
2,0,0,112,0,100
0,0,0,0,0,100
3,0,3,97,1,100
11,1,113,3828,50,99.8328458
0,0,0,0,0,100
0,0,0,0,0,100
0,0,0,0,0,100
2,0,1,47,0,100
0,0,0,0,0,100
0,0,0,0,0,100
0,0,0,0,0,100
0,0,0,0,0,100
2,0,7,1364,3,100
0,0,0,0,0,100
0,0,0,0,0,100
0,0,0,0,0,100
0,0,0,0,0,100
1,0,1,16,0,100
5,0,29,1426,14,100
6,2,10,1072,9,99.89572471
0,0,0,0,0,100
1,0,1,4,0,100
2,0,5,479,1,100
27,5,189,8763,96,91.91306051
4,0,0,26,0,100
0,0,0,0,0,100
3,0,5,328,1,100
1,0,0,12,0,100
0,0,0,0,0,100
1,0,6,81,1,100
0,0,0,0,0,100
0,0,0,0,0,100
0,0,0,0,0,100
5,0,14,384,9,100
1,0,0,2,0,100
0,0,0,0,0,100
0,0,0,0,0,100
0,0,0,0,0,100
0,0,0,0,0,100
0,0,0,0,0,100
0,0,0,0,0,100
0,0,0,0,0,100
1,0,0,9,0,100
0,0,0,0,0,100
0,0,0,0,0,100
0,0,0,0,0,100
0,0,0,0,0,100
1,0,0,0,0,100
0,0,0,0,0,100
0,0,0,0,0,100
0,0,0,0,0,100
1,0,0,0,0,100
0,0,0,0,0,100
0,0,0,0,0,100
1,0,0,13,0,100
2,0,3,330,1,100
0,0,0,0,0,100
0,0,0,0,0,100
0,0,0,0,0,100
0,0,0,0,0,100
0,0,0,0,0,100
0,0,0,0,0,100
0,0,0,0,0,100
0,0,0,0,0,100
0,0,0,0,0,100
3,0,1,31,1,100
0,0,0,0,0,100
5,0,23,2693,12,100
0,0,0,0,0,100
0,0,0,0,0,100
0,0,0,0,0,100
1,0,0,13,0,100
0,0,0,0,0,100
0,0,0,0,0,100
0,0,0,0,0,100
0,0,0,0,0,100
0,0,0,0,0,100
0,0,0,0,0,100
9,3,95,4894,42,91.91762192
0,0,0,0,0,100
1,0,0,13,0,100
2,0,4,263,0,100
0,0,0,0,0,100
0,0,0,0,0,100
0,0,0,0,0,100
2,0,2,258,2,100
0,0,0,0,0,100
0,0,0,0,0,100
18,4,87,4567,42,98.78450762
1,0,5,146,1,100
0,0,0,0,0,100
0,0,0,0,0,100
0,0,0,0,0,100
1,0,0,0,0,100
1,0,0,0,0,100
1,0,0,0,0,100
0,0,0,0,0,100
0,0,0,0,0,100
0,0,0,0,0,100
0,0,0,0,0,100
0,0,0,0,0,100
1,0,0,14,0,100
0,0,0,0,0,100
0,0,0,0,0,100
0,0,0,0,0,100
