CommitID,NMF,TotalAddLines,TotalDeleteLines,LC,FileAdd,FileDelete,NAD,NDEV,NUC,AGE,NS,ND,Entropy,LT,EXP,REXP,CommitComplexity,LastCommitComplexity,CFC,CommitTokenCount,LastCommitTokenCount,NCC,CommitMethodNum,LastCommitMethodNum,NMC,a2a
e9104e7697439eadf7b4103b0cf2ed0bc57655c8,1,50,0,50,1,0,1,1,1,0,1,1,0,0,15,15,2,0,2,59,0,59,2,0,2,83.33333333
15cb95908577e8a9bf4ac03bec73b504f86cb5d1,2,4,0,4,0,0,0,1,2,0,1,1,1,103,16,16,16,16,0,363,363,0,16,16,0,100
b7a2777ea8f458859ce0c9c6bfbeaa9ad684d6a7,1,85,0,85,1,0,1,1,1,0,1,1,0,0,17,17,7,0,7,266,0,266,3,0,3,76.47058824
bab628f22fe1313b43de46a91327d39fbfa2d460,1,34,0,34,1,0,1,1,1,0,1,1,0,0,18,18,1,0,1,34,0,34,1,0,1,86.36363636
e0e74df20e9ca7fbb35ad9339a2c0fafc23d7319,1,34,0,34,1,0,1,1,1,0,1,1,0,0,19,19,1,0,1,34,0,34,1,0,1,92.30769231
45f3e76588eb141b975fd3e943795ad3df41f894,1,147,0,147,1,0,1,1,1,0,1,1,0,0,20,20,18,0,18,390,0,390,7,0,7,93.33333333
3878091e9733bad416b187cdd1d4d674682d2e51,0,0,0,0,0,0,0,0,0,0,0,0,0,0,21,21,0,0,0,0,0,0,0,0,0,100
c46af4598d466def7d92f3b9e062d3da8068f4f6,1,69,0,69,1,0,1,1,1,0,1,1,0,0,22,22,0,0,0,34,0,34,0,0,0,88.57142857
3371c20cdf029952dec5cf5727f37622f74cb7da,1,81,0,81,1,0,1,1,1,0,1,1,0,0,23,23,4,0,4,122,0,122,4,0,4,95
7fda4653767b45673317735a97f53e24d51c929a,2,21,3,18,0,0,0,1,4,0,1,1,0.870864469,103,24,24,14,14,0,404,385,19,14,14,0,100
19876b5ca2d7f339b36fd7ab5751397a1191067e,1,60,0,60,1,0,1,1,1,0,1,1,0,0,25,25,3,0,3,73,0,73,3,0,3,91.11111111
0c2ca11ede75dbb84c40dd65d3d4de8996ec463a,1,85,0,85,1,0,1,1,1,0,1,1,0,0,26,26,5,0,5,124,0,124,5,0,5,96
a2b3166ecabbf61c5bc09416686d83380cdc0b02,1,64,0,64,1,0,1,1,1,0,1,1,0,0,27,27,3,0,3,111,0,111,3,0,3,92.72727273
216d030a48e3118156a97d2e6fe47bd078a119c9,5,14,14,0,0,0,0,1,1,0,1,1,2.005977711,211,28,28,25,5,20,709,170,539,21,5,16,65.51724138
ae8bebb901af07171fe01367edf26c8fbb933801,1,40,0,40,1,0,1,1,1,0,1,1,0,0,29,29,0,0,0,74,0,74,0,0,0,96.66666667
0692956fef65e3ce495cc297ae3f3a75a5dd4326,2,3,0,3,0,0,0,1,2,0,1,1,0.918295834,79,30,30,8,8,0,250,235,15,8,8,0,98.38709677
98055c0409848d70b91536932290e2cdaca46581,0,0,0,0,0,0,0,0,0,0,0,0,0,0,31,31,0,0,0,0,0,0,0,0,0,100
a41b051642550022d589c6fcf6b3d772c55c1996,1,115,0,115,1,0,1,1,1,0,1,1,0,0,32,32,9,0,9,365,0,365,3,0,3,96.875
522ed1825d1bb00e83c4c0af77e2c2c8d21e704f,1,16,0,16,0,0,0,1,2,0,1,1,0,73,33,33,10,9,1,395,365,30,4,3,1,100
813d593bb6199f3dea101a054efe83511885e65c,3,8,89,81,0,0,0,1,2,3,1,1,0.663647073,97,34,34,2,9,7,110,334,224,2,5,3,95.3125
9752ad9ec5f6dbb4944b1690193f20cb21eb15ca,1,33,0,33,1,0,1,1,1,0,1,1,0,0,35,35,1,0,1,53,0,53,1,0,1,96.875
3fbe347493f1fc43c77c936b1390ba136bf7f250,1,33,0,33,1,0,1,1,1,0,1,1,0,0,36,36,1,0,1,53,0,53,1,0,1,97.05882353
9ad37b2a503c4ea5c60798d3fea7e57eb934639a,1,33,0,33,1,0,1,1,1,0,1,1,0,0,37,37,0,0,0,23,0,23,0,0,0,97.22222222
5ea1d64845336227fb679bc9e0dc01423b6d576a,1,26,0,26,1,0,1,1,1,0,1,1,0,0,38,38,0,0,0,20,0,20,0,0,0,94.80519481
58ad6c01fb6e51225bfe4a95047df3dc2ca648d6,1,26,0,26,1,0,1,1,1,0,1,1,0,0,39,39,0,0,0,20,0,20,0,0,0,97.56097561
09bdc4c3b9fc6716fcb0545af1f8db183629462d,1,45,0,45,1,0,1,1,1,0,1,1,0,0,40,40,0,0,0,96,0,96,0,0,0,97.6744186
71be5ff127ad1408324a2f1c051e20f473d163c6,1,1,1,0,0,0,0,1,2,0,1,1,0,20,41,41,0,0,0,23,23,0,0,0,0,100
d9f74b54d5afde65e3915459274b876622a908a8,1,47,0,47,1,0,1,1,1,0,1,1,0,0,42,42,2,0,2,53,0,53,2,0,2,97.77777778
a309ba5fbe0fc9290f8514ce7c3cb8300b70a63d,1,1,1,0,0,0,0,1,2,0,1,1,0,30,43,43,0,0,0,96,96,0,0,0,0,100
2513877d8dd79f3715ef3b557cdcc28db9b5fd42,1,1,1,0,0,0,0,1,2,0,1,1,0,26,44,44,2,2,0,53,53,0,2,2,0,100
54881689baf14aa43a7661c644cd9c306af4be0d,1,42,0,42,1,0,1,1,1,0,1,1,0,0,45,45,1,0,1,105,0,105,1,0,1,95.78947368
c4af0fc4a4c5a42f00527971aef3f66c09be57a5,1,42,0,42,1,0,1,1,1,0,1,1,0,0,46,46,1,0,1,105,0,105,1,0,1,98
f31b4ee64ad75a09d99b31886e752a55e0f23441,1,113,0,113,1,0,1,1,1,0,1,1,0,0,47,47,10,0,10,315,0,315,3,0,3,97.11538462
ab2591e66120da9463f4df73dc88d03f73a5d4d8,1,29,13,16,0,0,0,1,2,0,1,1,0,64,48,48,12,10,2,397,315,82,3,3,0,100
bcba47a7357ed2bd8e18ab713988f737775da6dd,1,3,1,2,0,0,0,1,3,0,1,1,0,77,49,49,12,12,0,399,397,2,3,3,0,100
20935aa3fd0116a6969745023d442ada30940586,1,86,0,86,1,0,1,1,1,0,1,1,0,0,50,50,5,0,5,238,0,238,3,0,3,94.39252336
55c221eda1e44c8414b1b9ff3f3bdd45dffda95f,1,88,0,88,1,0,1,1,1,0,1,1,0,0,51,51,5,0,5,252,0,252,3,0,3,94.49541284
174d76af3413e4d8b7f9ef43d095f7ad78d4f5a6,1,41,0,41,1,0,1,1,1,0,1,1,0,0,52,52,1,0,1,60,0,60,1,0,1,91.22807018
ded219dacf46c896d873c0da0802510603be8ce0,1,41,0,41,1,0,1,1,1,0,1,1,0,0,53,53,1,0,1,60,0,60,1,0,1,90.6779661
346138db7e5f1df11c837f1e640b457547f8b4c9,0,0,0,0,0,0,0,0,0,0,0,0,0,0,54,54,0,0,0,0,0,0,0,0,0,100
1b8bd788198566f683fe264edc6838e9e2e8ef89,0,0,0,0,0,0,0,0,0,0,0,0,0,0,55,55,0,0,0,0,0,0,0,0,0,100
27e7222daa69ba5a5d07d5040fc4d6e93cbb6bcd,0,0,0,0,0,0,0,0,0,0,0,0,0,0,56,56,0,0,0,0,0,0,0,0,0,100
67a40729a2ea044d8853dda2be58f91c51854f89,1,55,0,55,1,0,1,1,1,0,1,1,0,0,57,57,3,0,3,117,0,117,2,0,2,91.80327869
b60e658aca3b571d66e00dc4534ef718a26909b0,1,55,0,55,1,0,1,1,1,0,1,1,0,0,58,58,3,0,3,117,0,117,2,0,2,93.98496241
9c872077dc0a15dfb75fe287197a78510eb752bd,6,94,178,84,0,0,0,1,2,0,1,1,2.031393719,217,59,59,16,18,2,690,844,154,10,12,2,94.36619718
2bda5483b5f2899cbb35827b737c49498a53b141,1,68,0,68,1,0,1,1,1,0,1,1,0,0,60,29,0,0,0,119,0,119,0,0,0,97.24137931
a721f2475e9a40fe6f0df78a2f1cdb134bc65ff2,1,149,0,149,1,0,1,1,1,0,1,1,0,0,61,30,12,0,12,430,0,430,3,0,3,88.54961832
977121e9faa56571fe0e0299675ad2c668f383a1,1,32,0,32,0,0,0,1,2,12,1,1,0,69,62,2,19,12,7,610,430,180,3,3,0,100
105264ec975d3ea4fe935cde52cedbd0c315e060,1,52,2,50,0,0,0,1,3,0,1,1,0,91,63,3,23,19,4,834,610,224,7,3,4,100
a1d9b4da694945e1b4a4e9b46668c15c59fc1db4,1,3,2,1,0,0,0,1,4,0,1,1,0,120,64,4,23,23,0,834,834,0,7,7,0,100
4ed0fe4fe0ff0abbbe82aab937004d3b702a450b,1,5,1,4,0,0,0,1,2,58,1,1,0,80,65,5,19,18,1,417,390,27,7,7,0,100
506ae81fac7244fc45552ace98b679b04d8ca743,2,48,8,40,0,0,0,1,5,20,1,1,0.591672779,153,66,6,28,23,5,1167,953,214,8,7,1,100
e3caf86cae34fe15b9593376c12da863a7c2b6f5,1,43,6,37,0,0,0,1,6,9,1,1,0,145,67,7,35,28,7,1286,1048,238,8,8,0,92.42424242
6243a9f43ee22e4a006c64ec51a4c4ea98d4b3a0,1,2,1,1,0,0,0,1,7,0,1,1,0,177,68,8,35,35,0,1289,1286,3,8,8,0,100
5768e3a85ddf7378ab1afbe06a75d643888d9b4d,1,1,1,0,0,0,0,1,8,0,1,1,0,178,69,9,35,35,0,1289,1289,0,8,8,0,100
dede792e4731f3851a7653fcfe1bbcb3d47b866f,1,5,7,2,0,0,0,1,9,0,1,1,0,178,70,10,35,35,0,1289,1289,0,8,8,0,100
ee73718481af6a7ee6c8c2eb0b52135873f0855a,1,91,0,91,1,0,1,1,1,0,1,1,0,0,71,11,4,0,4,341,0,341,2,0,2,96.42857143
7be14d5780ed2dc22da3b193ef24c62df418f0f1,2,26,0,26,0,0,0,1,10,0,1,2,0.961236605,240,72,12,41,39,2,1733,1630,103,11,10,1,100
aa85afee83ab618711fd4b293e9f0e95c49583a7,1,1,2,1,0,0,0,1,3,0,1,1,0,72,73,13,5,5,0,394,394,0,2,2,0,100
f7f416903a7fee8173b1142bb411d15b06af8625,1,2,2,0,0,0,0,1,11,0,1,1,0,182,74,14,36,36,0,1339,1339,0,9,9,0,100
e3df9d4c624e2c25393f622a45148267463385fd,1,66,0,66,1,0,1,1,1,0,1,1,0,0,75,15,3,0,3,219,0,219,2,0,2,93.00699301
a2aaaf3360e7936d3864271622dce7d1a9d3a130,1,62,0,62,1,0,1,1,1,0,1,1,0,0,76,16,1,0,1,241,0,241,1,0,1,94.93670886
7fb917417d1e19b65933f4d2ab331e43df78691e,1,37,0,37,1,0,1,1,1,0,1,1,0,0,77,17,1,0,1,86,0,86,1,0,1,96.96969697
f7f6890963d700c03edd3c9b55480a0b567b3a19,1,9,0,9,0,0,0,1,3,78,1,1,0,26,78,18,3,2,1,99,53,46,3,2,1,100
3adfb3f3892bdff89038236617eaade52af77c56,1,1,1,0,0,0,0,1,4,0,1,1,0,34,79,19,3,3,0,99,99,0,3,3,0,100
a0332e7aaacbb6b4e8ca5b713357f3e426d2dc77,1,3,0,3,0,0,0,1,5,0,1,1,0,34,80,20,3,3,0,99,99,0,3,3,0,100
35c1efe89df361e7646da515d6050069b84d99c2,1,11,0,11,0,0,0,1,12,3,1,1,0,182,81,21,38,36,2,1391,1339,52,10,9,1,100
3321b4756523caa4b834ea8b44bf738a1313307e,1,5,2,3,0,0,0,1,2,2,1,1,0,45,82,22,1,1,0,253,241,12,1,1,0,100
2f1c54bd14ac564bb9b00ef72310f76660feea0f,1,2,2,0,0,0,0,1,2,82,1,1,0,87,83,23,14,14,0,316,316,0,14,14,0,100
ca0bb3fdd143fd0aade277b0380855326f49bac6,1,1,1,0,0,0,0,1,4,3,1,1,0,71,84,24,5,5,0,400,394,6,2,2,0,100
5a30a16a743bdde7bde1a9229a08b960eb57f6e5,1,37,0,37,1,0,1,1,1,0,1,1,0,0,85,25,1,0,1,86,0,86,1,0,1,98.8372093
a2be70dec833f63402a0f396a972b4d8f71525ac,1,1,1,0,0,0,0,1,2,0,1,1,0,26,86,26,1,1,0,86,86,0,1,1,0,100
985085bf312d0c69e0bb69e6ce9acc7c952441c6,2,4,2,2,0,0,0,1,3,78,1,1,1,99,87,27,10,10,0,490,456,34,6,6,0,86.39455782
a45a70502416e57de901e59627f1d3a4603d44b3,1,52,0,52,1,0,1,1,1,0,1,1,0,0,88,28,2,0,2,125,0,125,2,0,2,100
9b13cb32b2575fb3fd3b43504363d9d4ba21fc06,1,11,1,10,0,0,0,1,13,1,1,1,0,189,89,29,39,38,1,1409,1391,18,11,10,1,100
b0c12f885ae986e9d481ae8c76deb67cd66d5f17,1,19,1,18,0,0,0,1,2,0,1,1,0,36,90,30,3,2,1,223,125,98,2,2,0,100
2029503e6488b66906df29cb58ccd6dc2d725973,1,7,1,6,0,0,0,1,3,0,1,1,0,47,91,31,3,3,0,258,223,35,2,2,0,100
55b75c43959aef9c7c59ec61654463277861cbdf,3,14,4,10,0,0,0,1,14,0,1,3,1.251629167,316,92,32,48,47,1,2064,2067,3,16,15,1,100
514a26ead1813058b6c22c2dc697cedb06ce462f,1,15,0,15,0,0,0,1,4,79,1,1,0,77,93,33,13,12,1,428,399,29,4,3,1,100
c405b9a931dc9ec283a2e60a90bb1a1583c0ba82,1,6,2,4,0,0,0,1,5,0,1,1,0,83,94,34,13,13,0,460,428,32,4,4,0,100
79ab206690fc1b167a3d5b3393a935dda8e3f72d,2,18,1,17,0,0,0,1,15,0,1,2,0.998000884,248,95,35,45,43,2,1761,1685,76,15,14,1,100
11eef23c579f29f27bbfb85f73e41421f045c60a,1,33,0,33,1,0,1,1,1,0,1,1,0,0,96,34,0,0,0,21,0,21,0,0,0,98.33333333
9de7b2ca0bed83fa058b092bab5a92ec326617de,1,33,0,33,1,0,1,1,1,0,1,1,0,0,97,35,0,0,0,21,0,21,0,0,0,96.8
7bcc6d0f5252610d20bbe0cab221bffb0bfbebdf,1,43,0,43,1,0,1,1,1,0,1,1,0,0,98,36,3,0,3,71,0,71,3,0,3,83.97435897
091f23cefa4e9dd2ffdc42063edf2b5731f574ad,1,102,0,102,1,0,1,1,1,0,1,1,0,0,99,37,8,0,8,203,0,203,6,0,6,98.92473118
c8a71d4209f3a5913cd8a46ddd4da91256590ffe,1,54,0,54,1,0,1,1,1,0,1,1,0,0,100,38,0,0,0,52,0,52,0,0,0,97.38219895
1ebd1a27ba26a20222a1e24aa786ba06459b76eb,1,10,10,0,0,0,0,1,2,0,1,1,0,22,101,39,0,0,0,52,52,0,0,0,0,100
05af103bfff4fc08ae867e8be1443b4064189d08,2,10,10,0,0,0,0,1,3,0,1,1,0.970950594,51,102,40,3,3,0,123,123,0,3,3,0,97.93814433
331c68d68a3478103bf1239689e6e70045ea2011,0,0,0,0,0,0,0,0,0,0,0,0,0,0,103,41,0,0,0,0,0,0,0,0,0,100
70d01a9685bc2108ec475345bb1a9a8525184c89,1,72,0,72,1,0,1,1,1,0,1,1,0,0,104,42,0,0,0,82,0,82,0,0,0,97.96954315
7d2d4a63c7c192c59e2dca435bbff636f139c834,1,4,4,0,0,0,0,1,2,0,1,1,0,25,105,43,0,0,0,82,82,0,0,0,0,100
d0e23531fe5eed9f400b4cc1f55f859d7375d090,0,0,0,0,0,0,0,0,0,0,0,0,0,0,106,0,0,0,0,0,0,0,0,0,0,100
bc293707ab6e7baddf1c68efb7a7a31f0a995cfb,0,0,0,0,0,0,0,0,0,0,0,0,0,0,107,1,0,0,0,0,0,0,0,0,0,100
89fc288062388423bf92b673919db1ebf70d1e1f,41,95,87,8,0,0,0,1,1,0,2,13,5.03537507,1705,108,2,165,41,124,6987,3526,3461,96,41,55,21.15384615
2c1569bf31f37d039094f8a0cb0e742131fb1ab1,0,0,0,0,0,0,0,0,0,0,0,0,0,0,109,3,0,0,0,0,0,0,0,0,0,100
0127689c2cc8ac1cded6c2dc4346bee692f038db,0,0,0,0,0,0,0,0,0,0,0,0,0,0,110,4,0,0,0,0,0,0,0,0,0,100
f3270d4b3f2add42f393b3a9b8433c3c1506dbfd,0,0,0,0,0,0,0,0,0,0,0,0,0,0,0,0,0,0,0,0,0,0,0,0,0,100
7019690b28a935877f64a190c226466062664bd2,19,1607,0,1607,19,0,19,1,1,0,1,1,3.884650866,0,1,1,40,0,40,1995,0,1995,25,0,25,83.07692308
f287ff8c29ccf00bd57e198067c323f10a196673,19,1,22,21,0,0,0,1,1,0,1,1,4.088779347,648,2,2,40,0,40,1995,133,1862,25,0,25,75
c4888aa6f0502b2dbd4941b261bd7730ebdefcd3,0,0,0,0,0,0,0,0,0,0,0,0,0,0,3,3,0,0,0,0,0,0,0,0,0,100
f2cee83e5b4113d7c814930d5d0bfd1677347fff,0,0,0,0,0,0,0,0,0,0,0,0,0,0,111,0,0,0,0,0,0,0,0,0,0,100
3cb31d97531db64bd38d8e5423bf585441766b62,0,0,0,0,0,0,0,0,0,0,0,0,0,0,112,1,0,0,0,0,0,0,0,0,0,100
2526ae416c26574bf81ea88f8195b160e8c86063,0,0,0,0,0,0,0,0,0,0,0,0,0,0,113,2,0,0,0,0,0,0,0,0,0,100
f798291fff497ec78a4f042eddb6671d1fed9830,0,0,0,0,0,0,0,0,0,0,0,0,0,0,114,3,0,0,0,0,0,0,0,0,0,100
d0bd93c948a063e8241abb190d4b8c3cd6cb0e56,0,0,0,0,0,0,0,0,0,0,0,0,0,0,115,4,0,0,0,0,0,0,0,0,0,100
4aeb669b5c9fa2e9f534794560d8fa22d9777b23,0,0,0,0,0,0,0,0,0,0,0,0,0,0,116,5,0,0,0,0,0,0,0,0,0,100
b39add09e6686bdbf9f13c989a11ca957b7881aa,0,0,0,0,0,0,0,0,0,0,0,0,0,0,117,6,0,0,0,0,0,0,0,0,0,100
18637fd209de4bbe3965ecd74fb7b4d1db2e760f,0,0,0,0,0,0,0,0,0,0,0,0,0,0,118,7,0,0,0,0,0,0,0,0,0,100
57bb98fa039942c1b42b9c1ddd78a455ed47f585,1,69,0,69,1,0,1,1,1,0,1,1,0,0,119,8,0,0,0,28,0,28,0,0,0,99.34640523
764990dc477fcfccf78035b76b552f41f0584f45,1,37,22,15,0,0,0,2,2,15,1,1,0,50,120,9,6,6,0,262,280,18,4,4,0,100
420d769ad8022f369ddfaa28394fcac31b08da4a,0,0,0,0,0,0,0,0,0,0,0,0,0,0,121,10,0,0,0,0,0,0,0,0,0,100
ea4166e7ba9fc754a0a7d3b736ceabe20f707078,0,0,0,0,0,0,0,0,0,0,0,0,0,0,122,11,0,0,0,0,0,0,0,0,0,100
870a5a04e5a10fed00f5a217c2561092e1861051,1,28,71,43,0,0,0,2,2,53,1,1,0,85,123,4,3,11,8,112,188,76,3,11,8,100
098c98d789d2509e4551a06e6b71a9945d12cb10,1,34,34,0,0,0,0,2,3,0,1,1,0,41,124,5,3,3,0,112,112,0,3,3,0,100
ccb8336437b7dfc94bb222875c04eb3ffd85bc12,1,81,19,62,0,0,0,2,2,53,1,1,0,25,125,6,8,0,8,216,52,164,8,0,8,100
c0a40e6b7bb5e79266092e87c80d0ce6c4914e98,0,0,0,0,0,0,0,0,0,0,0,0,0,0,126,7,0,0,0,0,0,0,0,0,0,100
63841a579637b906e298530f561d10a9388319f7,1,40,0,40,1,0,1,1,1,0,1,1,0,0,127,8,0,0,0,23,0,23,0,0,0,99.35483871
e40fd36a0baccc13a069c32f3f568a056f04ef6c,2,52,0,52,2,0,2,1,1,0,1,1,1,0,128,9,0,0,0,32,0,32,0,0,0,98.10725552
e3b748c1f5cbf36fc05141d3a46cda49cb16cecd,1,62,0,62,1,0,1,1,1,0,1,1,0,0,129,10,3,0,3,78,0,78,3,0,3,98.76923077
01c64bf565d6c41aa38b76afee1cc453b1caf4f2,1,58,0,58,1,0,1,1,1,0,1,1,0,0,130,11,0,0,0,64,0,64,0,0,0,99.09090909
267900f6161da93297a565eeef906fa5b290a5cf,1,0,40,40,0,0,0,2,2,53,1,1,0,22,131,12,0,0,0,0,36,36,0,0,0,99.39393939
99655732b8dddc0201d0e3155b80a01bdfb0ab34,1,3,3,0,0,0,0,1,2,0,1,1,0,21,132,13,0,0,0,25,23,2,0,0,0,100
21a2d189783d1aed5fee40844a7a2689f39f39c0,1,9,52,43,0,0,0,2,3,0,1,1,0,53,133,14,0,8,8,96,216,120,0,8,8,100
0ce3400a199c746d4214c236fa495c7921d78c11,1,4,3,1,0,0,0,2,2,54,1,1,0,28,134,15,3,3,0,70,62,8,3,3,0,100
2b4ad6e63fef1ae0888d957b765dae2a6c1419c6,2,75,0,75,1,0,1,1,2,49,1,2,0.942683189,49,0,0,20,8,12,553,201,352,10,6,4,99.09090909
ab74d6c5d451bad3cae01f96ce0dcc186eea61f8,1,2,2,0,0,0,0,2,3,0,1,1,0,68,1,1,14,14,0,329,329,0,8,8,0,100
bd4b97857613ef28e890bfe56a59579f4b07fe2a,1,3,1,2,0,0,0,1,2,56,1,1,0,28,4,0,3,3,0,70,62,8,3,3,0,100
93b8c250f0d73d0363fe298c84d7707ada824753,0,0,0,0,0,0,0,0,0,0,0,0,0,0,5,1,0,0,0,0,0,0,0,0,0,100
899d9447654bf9749242aa6620cb718a74c1d575,5,221,0,221,5,0,5,1,1,0,1,1,2.282082563,0,135,14,3,0,3,210,0,210,3,0,3,92.77108434
8f7f1255d8dcee37768b8370a84887ca921e790a,1,61,0,61,1,0,1,1,1,0,1,1,0,0,136,15,0,0,0,59,0,59,0,0,0,98.20895522
bcecf718056d204b8c2590b9e30419de57cf6f74,1,14,21,7,0,0,0,2,2,63,1,1,0,28,137,16,0,0,0,69,69,0,0,0,0,100
08f331e2f2135016ab278b942e73c71f71249137,1,72,0,72,1,0,1,1,1,0,1,1,0,0,138,17,0,0,0,74,0,74,0,0,0,99.11764706
adae888a6b9c42e0bd769a0b7958bcdf2c0d3c93,5,89,50,39,1,0,1,1,2,48,1,2,1.800367233,84,139,18,0,0,0,211,116,95,0,0,0,97.66081871
e404db713bacef39e175f448cf277e4111a8950c,1,8,10,2,0,0,0,2,2,63,1,1,0,22,140,19,0,0,0,18,18,0,0,0,0,100
a410f3a8b2e8b85b092a10846ced432e2bc679e2,3,219,0,219,3,0,3,1,1,0,1,1,1.121080093,0,141,20,24,0,24,581,0,581,10,0,10,97.42857143
8955b20ce104e913f2ae5f4ef6f55345101d49d2,1,20,2,18,0,0,0,2,4,10,1,1,0,41,142,21,6,3,3,189,112,77,6,3,3,100
433e1846a7b577f6eb0bfa65c82ee6038766ea80,1,3,3,0,0,0,0,2,5,0,1,1,0,54,143,22,6,6,0,197,189,8,6,6,0,100
2e45d26df36ac30b7c15fc2657ae4e05fde015c4,1,58,0,58,1,0,1,1,1,0,1,1,0,0,6,2,0,0,0,64,0,64,0,0,0,99.16666667
5af7e7053614a41b51ca23ff12475a183067f608,1,1,1,0,0,0,0,2,2,0,1,1,0,96,7,3,22,22,0,510,510,0,8,8,0,100
e8fa8df98d219b546245b671aad33449620c57e4,3,95,42,53,2,0,2,1,2,0,1,1,1.565459049,26,8,4,0,0,0,128,77,51,0,0,0,98.09264305
eb9ab2ae53ca009610a1c6e01c27ab9f7c04737d,0,0,0,0,0,0,0,0,0,0,0,0,0,0,9,5,0,0,0,0,0,0,0,0,0,100
b0bb5b807bb6134d6b77f567a8c52263d369375a,1,15,0,15,0,0,0,2,3,0,1,1,0,19,10,6,0,0,0,40,19,21,0,0,0,98.65951743
06552e4c8468b0bc9c896d4f79d49601b3197bf4,1,4,2,2,0,0,0,2,3,1,1,1,0,28,11,7,0,0,0,88,79,9,0,0,0,100
0d906bd03fcf64f8015669d73996861b4f7ba0b5,1,7,0,7,0,0,0,2,3,1,1,1,0,24,12,8,0,0,0,72,43,29,0,0,0,98.92761394
331f7e227025ee9297c4f954e813156fc1aba167,1,15,3,12,0,0,0,1,2,1,1,1,0,25,13,9,0,0,0,71,64,7,0,0,0,100
a911847cf90097c0d4f405d70bd0b703c571da6a,1,20,4,16,0,0,0,2,4,0,1,1,0,28,144,23,0,0,0,92,72,20,0,0,0,100
c0abd8de6b47c3565be3590d779040f556189f18,1,3,15,12,0,0,0,1,3,0,1,1,0,27,14,10,0,0,0,64,71,7,0,0,0,100
00efb3f15c4e9f8cdd2b66683e464621180ca91e,1,6,42,36,0,0,0,2,3,1,1,1,0,96,145,24,12,22,10,335,510,175,7,8,1,100
e75d7372de6b40885b1bfa52b268687d1e8a18c4,1,1,1,0,0,0,0,2,6,1,1,1,0,54,146,25,6,6,0,201,197,4,6,6,0,100
d190734670b8bac3f8280a9d9cf4f1a153bbde13,0,0,0,0,0,0,0,0,0,0,0,0,0,0,147,26,0,0,0,0,0,0,0,0,0,100
ccb3323b90c5068c9753effbd34002903bec6752,1,0,58,58,0,0,0,1,2,11,1,1,0,25,148,27,0,0,0,0,64,64,0,0,0,98.64498645
8a3e300c06fe8087ba1aad4abef430161d1c0990,1,0,15,15,0,0,0,2,4,1,1,1,0,22,15,11,0,0,0,19,40,21,0,0,0,98.63760218
2670849a51d5bc5a2323d9c97c73b6ea8f70e4c5,1,40,0,40,1,0,1,1,1,0,1,1,0,0,16,12,0,0,0,29,0,29,0,0,0,97.01086957
c3885b22d4fc7e53fec51a955dc05e4f39084eb9,1,16,0,16,0,0,0,2,5,0,1,1,0,19,17,13,2,0,2,47,19,28,2,0,2,97.56756757
e17b27f9e682305867b7c9a2eefcb032ecf7f1be,0,0,0,0,0,0,0,0,0,0,0,0,0,0,18,14,0,0,0,0,0,0,0,0,0,100
007af495d40ffa34e1e9c5deb727a0b26b4f2646,1,3,3,0,0,0,0,2,4,0,1,1,0,25,149,26,0,0,0,55,64,9,0,0,0,100
c822618033f5cbd32088b204424923c30f3d994a,1,9,1,8,0,0,0,2,5,0,1,1,0,25,150,27,0,0,0,70,55,15,0,0,0,99.46236559
764a592bbef11ff26cc94f017c182c46d734cce6,3,91,13,78,0,0,0,1,4,0,1,1,1.444658323,111,151,28,33,14,19,766,406,360,12,9,3,100
86aa773a1ae56463f10d66c291c099b42fdcf73f,2,2,2,0,0,0,0,1,3,0,1,1,1,106,152,29,24,24,0,498,500,2,6,6,0,100
78280f4d3f741b50e8cbdfd3c461be69f222d49f,1,1,1,0,0,0,0,2,5,0,1,1,0,60,153,30,9,9,0,267,266,1,6,6,0,100
c5fccdb170c0f8320750a5df53454cb3bd961b1a,1,1,1,0,0,0,0,2,6,0,1,1,0,60,154,31,9,9,0,266,267,1,6,6,0,100
b9f41449b34fc5e09a406eb152655e30b3669df2,1,1,1,0,0,0,0,2,7,0,1,1,0,60,155,32,9,9,0,266,266,0,6,6,0,100
86af89cc6cdb08546db646bc41fc7fbf29c183c0,1,4,0,4,0,0,0,2,8,0,1,1,0,60,156,33,10,9,1,277,266,11,6,6,0,100
035f04f3ac9551a83606019b64b224db0b7ff8f4,1,0,4,4,0,0,0,2,5,0,1,1,0,31,157,34,0,0,0,80,92,12,0,0,0,100
482c48bd471e08459dd285623bb21a18c83bc647,0,0,0,0,0,0,0,0,0,0,0,0,0,0,158,35,0,0,0,0,0,0,0,0,0,100
26c5b639eb1c1a694ec94296409b11dc123b06a8,1,2,2,0,0,0,0,2,7,0,1,1,0,54,159,36,6,6,0,201,201,0,6,6,0,100
1f795c4dca407a45233fb495d55f1204a5813aad,40,611,2496,1885,4,0,4,1,2,62,1,18,4.879850725,1567,160,37,67,145,78,2760,6028,3268,43,82,39,64.55696203
6ec73aa276f94fecbdb7e829a9bdb9dd474ee065,0,0,0,0,0,0,0,0,0,0,0,0,0,0,161,38,0,0,0,0,0,0,0,0,0,100
50502bb525d2336c8990f23816fce5501f73ed78,1,1,1,0,0,0,0,2,4,1,1,1,0,29,19,15,0,0,0,93,88,5,0,0,0,100
150bb728d84e0700f8d5e79da20df99ef4eda2ca,2,8,0,8,0,0,0,2,4,2,1,1,1,106,20,16,24,24,0,498,498,0,6,6,0,100
61f08a54517b468ca5ae95f055f10cfef9b12f9c,1,21,2,19,0,0,0,2,6,2,1,1,0,29,21,17,0,0,0,101,80,21,0,0,0,97.32824427
a0a7de8fcbb1b0e79c16594955c8400b09bf28c0,1,25,6,19,0,0,0,2,2,2,1,1,0,54,22,18,14,8,6,332,233,99,10,8,2,100
c05844e0e215ce2cba751c38745258883292ce9a,1,0,2,2,0,0,0,1,2,4,1,1,0,174,162,39,33,33,0,1212,1212,0,13,13,0,100
7c8f6631eb05e7b55da94390faa25cc96e4e35c3,1,24,0,24,0,0,0,1,3,0,1,1,0,174,163,40,36,33,3,1314,1212,102,14,13,1,100
1d105807a1b2c341a9f19c474972b338a2050ea3,1,5,5,0,0,0,0,1,4,0,1,1,0,191,164,41,36,36,0,1314,1314,0,14,14,0,100
e7e8c9bcca62b29b99038dc5ddb01d2f392575d2,1,10,11,1,0,0,0,2,7,2,1,1,0,32,165,42,0,0,0,94,101,7,0,0,0,100
769a32d8a94c64cbdd19af105965f07019c207f9,2,22,21,1,0,0,0,2,8,1,2,2,0.583019417,102,166,43,14,14,0,433,426,7,10,10,0,100
ea7c26a42ededa8b1893125410583309ad513146,1,10,16,6,0,0,0,1,5,0,1,1,0,191,167,44,35,36,1,1265,1314,49,14,14,0,100
728085482b998a5df4e23bf35710732f27bd0460,1,1,1,0,0,0,0,1,3,17,1,1,0,21,168,45,0,0,0,26,25,1,0,0,0,100
53dd52ee0447077729fe458ae0001b5b3a1f69ed,1,88,0,88,1,0,1,1,1,0,1,1,0,0,169,46,10,0,10,298,0,298,4,0,4,98.12734082
cd493960e9cbdeec644f24e803057d44915580f7,1,63,2,61,0,0,0,1,2,0,1,1,0,64,170,47,20,10,10,519,298,221,6,4,2,100
1f7f0094c46e9007d1fecefb8a51b69997c7ee5e,4,35,32,3,0,0,0,2,6,4,1,1,1.517634108,95,171,48,2,2,0,185,185,0,2,2,0,100
4e55f054cab8ccf61c6bffc6fe0d3c9c29e0c624,0,0,0,0,0,0,0,0,0,0,0,0,0,0,172,49,0,0,0,0,0,0,0,0,0,100
2b007d9c123389e01fad665213258837f2bb2223,0,0,0,0,0,0,0,0,0,0,0,0,0,0,173,50,0,0,0,0,0,0,0,0,0,100
236b0a305c1d60cefaaa876636c186861b892e3d,0,0,0,0,0,0,0,0,0,0,0,0,0,0,174,51,0,0,0,0,0,0,0,0,0,100
b97459ffba1e996d8b5a5a82353e5c8079ff2408,1,66,0,66,1,0,1,1,1,0,1,1,0,0,175,52,5,0,5,152,0,152,5,0,5,98.89705882
8d693256a959b9dcb060e3202637c7d5f28ba92c,1,66,0,66,1,0,1,1,1,0,1,1,0,0,176,53,5,0,5,152,0,152,5,0,5,99.27536232
cfa71744fe1d9322a7bc421b516ad407cdb31e59,3,10,8,2,0,0,0,1,2,3,1,3,1.546631615,105,177,54,5,5,0,475,480,5,5,5,0,95.33333333
59e39171ce2080d1a2a5fd69cb3d034bec1b69c1,4,12,12,0,0,0,0,2,9,0,2,3,1.959147917,340,178,55,52,52,0,2022,2021,1,27,27,0,100
3b321745a80ef7e0b685aea4a454c29fcae805dc,0,0,0,0,0,0,0,0,0,0,0,0,0,0,179,56,0,0,0,0,0,0,0,0,0,100
a0e05cec1446cf35b32ebc6a5ad1dcae7cd79847,3,5,16,11,0,0,0,1,3,0,1,1,1.553763114,193,180,57,29,30,1,818,823,5,15,16,1,100
247ac94cfaab6ee25e4f69e846869b12fab56794,0,0,0,0,0,0,0,0,0,0,0,0,0,0,181,58,0,0,0,0,0,0,0,0,0,100
493876bca4ccc1def5a97195d27d38a4d6beb08c,0,0,0,0,0,0,0,0,0,0,0,0,0,0,182,59,0,0,0,0,0,0,0,0,0,100
8d9c76b7f19daaca6e531afd226c639f4c23e7a4,3,14,13,1,0,0,0,1,4,0,1,1,0.986426729,189,183,60,29,29,0,833,818,15,15,15,0,100
3293fb630609223207a266c745dc72f1ea29c47c,3,11,11,0,0,0,0,1,5,0,1,1,1.539484757,190,184,61,29,29,0,836,833,3,15,15,0,100
8cef55a5086c0ff3349e6eb1fa8b2301bc48bfed,2,2,2,0,0,0,0,1,7,2,1,2,1,259,185,62,41,41,0,1650,1650,0,17,17,0,100
cdd2face18d327ed296d81e185e5bb12c33b2cdb,1,7,7,0,0,0,0,1,6,0,1,1,0,104,186,63,21,21,0,537,536,1,7,7,0,100
e47d385b1ab6b26dc31c2dfebf63ec64d159d3b7,1,95,0,95,1,0,1,1,1,0,1,1,0,0,187,64,5,0,5,307,0,307,3,0,3,97.71986971
416970b3e0a823de3caafab12af087f7eab48aee,0,0,0,0,0,0,0,0,0,0,0,0,0,0,188,65,0,0,0,0,0,0,0,0,0,100
ba587ccefc132c36989751019b4fa6e2e31430d3,1,4,4,0,0,0,0,1,1,0,1,1,0,43,189,66,4,4,0,150,150,0,4,4,0,98.63013699
34f9ac213a9152410d0702d529b619caff27d9e4,1,2,2,0,0,0,0,1,2,0,1,1,0,43,190,67,4,4,0,150,150,0,4,4,0,98
501245ff3a1e079b9113f1d8a73b3ad2582b5932,1,1,2,1,0,0,0,1,4,0,1,1,0,52,191,68,3,3,0,324,324,0,3,3,0,100
ebec60824026cfb24c9fde7c68aa1bb4d702afb4,1,35,0,35,1,0,1,1,1,0,1,1,0,0,192,69,1,0,1,57,0,57,1,0,1,95.25423729
7ae5be45a6f01e9fc5f5dce151859f0fe2d0a0db,4,7,7,0,0,0,0,1,3,0,1,4,1.950212065,133,193,70,6,6,0,533,533,0,6,6,0,95.37366548
93f8fe411d5a8dfbe728ccb88a6dc1ed4a64fae5,1,7,0,7,0,0,0,1,3,0,1,1,0,25,194,71,2,1,1,73,57,16,2,1,1,100
1d73964fa7ef001ce21d9078022751cc67c81610,0,0,0,0,0,0,0,0,0,0,0,0,0,0,195,72,0,0,0,0,0,0,0,0,0,100
bd81f2b39d0ecb39ab12d83e8bef3af03cba22c2,0,0,0,0,0,0,0,0,0,0,0,0,0,0,196,73,0,0,0,0,0,0,0,0,0,100
87494d465376f40bc978b20626d7aa4a1ea65cb0,0,0,0,0,0,0,0,0,0,0,0,0,0,0,197,74,0,0,0,0,0,0,0,0,0,100
3489666b834bdfb95fdfd50cd8feb7cd0013b441,2,15,0,15,0,0,0,2,10,2,2,2,0.836640742,103,198,75,16,14,2,485,433,52,12,10,2,97.81818182
ee35a30f3f8564406a64a94277b9e0b72ca8f4fe,1,6,11,5,0,0,0,2,2,75,1,1,0,21,199,76,0,0,0,31,31,0,0,0,0,100
cf66c19da564115a1233b0ef35e44bc1924debf4,1,33,0,33,1,0,1,1,1,0,1,1,0,0,200,77,0,0,0,19,0,19,0,0,0,99.26470588
5a53fac4c0dd4c0b002137c671ee5dfa3caa6f0c,1,60,45,15,0,0,0,2,2,75,1,1,0,32,201,78,0,0,0,156,133,23,0,0,0,98.54545455
651f3178fc81f5e81942e48df45252dd7e747629,1,0,72,72,0,0,0,2,2,269,1,1,0,25,2,0,0,0,0,0,78,78,0,0,0,98.90510949
59058dc5a3662c6ad911a47d91c463e365749d93,0,0,0,0,0,0,0,0,0,0,0,0,0,0,3,0,0,0,0,0,0,0,0,0,0,100
5bc2886f5af2307c0f843fdc274d9c1620f0a727,12,45,33,12,0,0,0,1,11,152,1,3,2.983819556,424,4,1,17,17,0,1696,1325,371,4,4,0,91.51291513
c53b36b2508594ae998c28aac14e8f831c26a6bf,0,0,0,0,0,0,0,0,0,0,0,0,0,0,202,0,0,0,0,0,0,0,0,0,0,100
a75f0c88333deb9025e687143d53ec91733a36a9,1,16,20,4,0,0,0,3,3,0,1,1,0,126,203,1,19,17,2,782,774,8,4,4,0,100
f2fe9760e304fc03eae488a89659c9f61df75423,1,0,4,4,0,0,0,3,4,0,1,1,0,124,204,2,19,19,0,776,782,6,4,4,0,100
c5623dbb845eb6fca53865312b0a406d9b5b1bc0,1,18,8,10,0,0,0,3,5,0,1,1,0,123,205,3,20,19,1,815,776,39,5,4,1,100
b58ed13895b60242b220cee8a9b0d7736251e4ea,1,2,5,3,0,0,0,3,6,0,1,1,0,131,206,4,20,20,0,815,815,0,5,5,0,100
a9f80f06fa47a817e335ddfe212e7493eecee6ee,0,0,0,0,0,0,0,0,0,0,0,0,0,0,207,0,0,0,0,0,0,0,0,0,0,100
906168ded871e4b304d80e53af957bcf5c9eac9f,0,0,0,0,0,0,0,0,0,0,0,0,0,0,208,1,0,0,0,0,0,0,0,0,0,100
79d7d974185d0d45e39a3b6ef65acf2c512adda0,0,0,0,0,0,0,0,0,0,0,0,0,0,0,209,2,0,0,0,0,0,0,0,0,0,100
7778d0350d70059e6d53db9ff933efaff003e673,0,0,0,0,0,0,0,0,0,0,0,0,0,0,5,0,0,0,0,0,0,0,0,0,0,100
73def7ca6667a506d43c1baf899a7acdbd5e1ff5,0,0,0,0,0,0,0,0,0,0,0,0,0,0,6,0,0,0,0,0,0,0,0,0,0,100
94a7c6e9898a6fb26962301eda7eb6c9221d365b,0,0,0,0,0,0,0,0,0,0,0,0,0,0,7,1,0,0,0,0,0,0,0,0,0,100
849fc4b20f5f25b6300df63303dfa43e6c5bea62,0,0,0,0,0,0,0,0,0,0,0,0,0,0,8,0,0,0,0,0,0,0,0,0,0,100
23fcd5e92c15cebfa01943de7ad50190cba33fea,25,2161,0,2161,25,0,25,1,1,0,1,8,4.335815868,0,9,1,158,0,158,8536,0,8536,119,0,119,80.11363636
40d5972749db6e766c92c539ec651e9198659585,10,1059,0,1059,10,0,10,1,1,0,1,4,3.218662685,0,10,2,98,0,98,4670,0,4670,58,0,58,94.9339207
aa4efa366b06101968abeaa460d692a573aadea5,29,2517,0,2517,29,0,29,1,1,0,1,13,4.489782918,0,11,3,237,0,237,9657,0,9657,137,0,137,85.3974122
5f6dd35ae7c07ee55d22072f0979701e140c8ce4,4,306,0,306,4,0,4,1,1,0,1,4,1.982150402,0,12,4,30,0,30,1239,0,1239,23,0,23,97.90996785
0d892d47b0e3b9f14020e56e08df43cbdb10d4e1,1,63,0,63,1,0,1,1,1,0,1,1,0,0,13,5,4,0,4,162,0,162,4,0,4,97.68518519
1cbeed35911e8a365fd0bd1c16ada34e0b6bad68,1,108,0,108,1,0,1,1,1,0,1,1,0,0,14,6,11,0,11,580,0,580,3,0,3,98.61751152
fdbb5e254d12336eb02bf551bbcf85d7dd7e2e13,0,0,0,0,0,0,0,0,0,0,0,0,0,0,15,7,0,0,0,0,0,0,0,0,0,100
0fab49cf3eb783c369d8674884505dcc28bb3481,23,2241,0,2241,23,0,23,1,1,0,1,7,3.691364129,0,16,8,139,0,139,10894,0,10894,84,0,84,88.27586207
7f1ba8ccfbdd483f6b308acee84b34404cf65c11,4,267,0,267,4,0,4,1,1,0,1,3,1.861374764,0,17,9,26,0,26,924,0,924,22,0,22,97.04797048
33bfc888c49c90d020649c45b00a9f5d563e1f3d,22,2293,0,2293,22,0,22,1,1,0,1,3,4.219148532,0,18,10,126,0,126,9978,0,9978,65,0,65,90.59633028
ffeedcd1cfeb42db21c2c6fa0e18c5b5957cc6e2,16,1766,0,1766,16,0,16,1,1,0,1,7,3.493169931,0,19,11,129,0,129,8827,0,8827,67,0,67,95.95435685
e82572a5d6ab00bc044b9ff300811052de830674,5,373,0,373,5,0,5,1,1,0,1,1,1.974873099,0,20,12,26,0,26,1262,0,1262,8,0,8,98.81656805
3c6dbb6b6aa6139b05c819bb1dc3fb76984c5f73,0,0,0,0,0,0,0,0,0,0,0,0,0,0,21,13,0,0,0,0,0,0,0,0,0,100
2b1e76284b6870725ec61b5ca5947ddb538b441c,0,0,0,0,0,0,0,0,0,0,0,0,0,0,22,14,0,0,0,0,0,0,0,0,0,100
138ffbeeee3893013f22c3be35892bec5ac0a36a,1,11,1,10,0,0,0,3,4,423,1,1,0,19,23,0,0,0,0,56,12,44,0,0,0,100
59badd8494bb763c9ec297eba71fbe786e0c2a52,1,9,14,5,0,0,0,1,2,224,1,1,0,117,24,1,16,16,0,824,859,35,4,4,0,100
ac83e587c27bdd88ae1c1ee078c5cdd1e0c7d5a5,1,7,1,6,0,0,0,1,3,31,1,1,0,112,25,1,17,16,1,852,824,28,4,4,0,100
1aa5db5a4986986e2f3ddad6104c7b4d867f5d71,0,0,0,0,0,0,0,0,0,0,0,0,0,0,26,0,0,0,0,0,0,0,0,0,0,100
9aaa3506099318a07ae73aca2eae51587574f3d2,0,0,0,0,0,0,0,0,0,0,0,0,0,0,27,1,0,0,0,0,0,0,0,0,0,100
980364c075c7b91e3caebde283138e877a57a40f,0,0,0,0,0,0,0,0,0,0,0,0,0,0,28,2,0,0,0,0,0,0,0,0,0,100
795b80f9ac75724729d3c58b96c4622c2238af9c,0,0,0,0,0,0,0,0,0,0,0,0,0,0,23,0,0,0,0,0,0,0,0,0,0,100
baf046e40ba3c57dc828174f588fcfe21f1b6e74,0,0,0,0,0,0,0,0,0,0,0,0,0,0,0,0,0,0,0,0,0,0,0,0,0,100
aee65dd8bf296cf926e0719a25dde4b2ddf7fa73,19,503,167,336,5,0,5,1,2,378,1,15,3.65628162,919,1,1,211,177,34,8752,7363,1389,98,80,18,91.99199199
e7b6e759b9469a16d03a320f234f6278ffaaaeec,2,8,5,3,0,0,0,1,2,363,1,2,0.961236605,46,2,0,9,8,1,400,385,15,7,6,1,100
37524c99be12673c1f097af99fcca0c8b2e85748,5,70,2,68,2,0,2,1,2,372,1,2,1.883295196,89,3,1,28,20,8,888,585,303,27,19,8,98.65979381
b290560958c18d4a629f19e070b23d2d73cc2aa5,3,0,177,177,0,0,0,2,2,621,1,1,1.507626377,76,4,2,0,10,10,0,532,532,0,8,8,99.27159209
992bef616f448bb0e610d40145a340677e221f53,1,12,0,12,0,0,0,1,2,0,1,1,0,27,5,3,9,6,3,189,123,66,9,6,3,100
cafe252cb1c326f21939732b5c927cb03a15b85e,0,0,0,0,0,0,0,0,0,0,0,0,0,0,6,0,0,0,0,0,0,0,0,0,0,100
f2babb051954348a941363e7f89036628d974aac,7,517,0,517,7,0,7,1,1,0,1,3,2.526061937,0,7,1,91,0,91,1955,0,1955,52,0,52,98.2492276
4058de469b444b1f3aa9996e2b6d1317a6d18d5d,3,26,17,9,0,0,0,1,2,0,1,1,0.781452184,179,8,2,63,56,7,1084,1016,68,33,32,1,100
cc19363fdcc62aa051745905bc024d7be508dbec,0,0,0,0,0,0,0,0,0,0,0,0,0,0,9,0,0,0,0,0,0,0,0,0,0,100
28a4aa304d504151a47e09d7caa908be6c8d1441,0,0,0,0,0,0,0,0,0,0,0,0,0,0,10,1,0,0,0,0,0,0,0,0,0,100
1a668567f61603aef5c074a486a381491972a5d3,4,32,8,24,0,0,0,2,2,972,1,2,1.699968206,176,11,0,29,24,5,1528,1449,79,11,8,3,100
cb3b5a284270f30ee618baa8e981338dfcf0c22e,2,9,7,2,0,0,0,2,2,972,1,2,0.811278124,520,12,1,61,61,0,4309,4296,13,28,28,0,100
9565bb8233c12a94f9cf7d6ae60f53e13cc633a7,0,0,0,0,0,0,0,0,0,0,0,0,0,0,29,0,0,0,0,0,0,0,0,0,0,100
cf2b24c2e8235886ce2111028f78b9b17e78510a,0,0,0,0,0,0,0,0,0,0,0,0,0,0,30,1,0,0,0,0,0,0,0,0,0,100
a423244f4b3bf2f3d22051e749986568693598c3,3,53,6,47,0,0,0,2,3,696,1,3,1.574859574,233,13,0,31,27,4,2175,1906,269,15,11,4,100
4c76c26aecb6eb636a0d5bf5d6be81a74b34fd72,6,26,8,18,0,0,0,1,2,1056,1,5,2.083583714,267,31,0,37,34,3,1887,1798,89,28,27,1,100
9d6fd7f9d12032f20f5a8c1cd7a986785d0afdd8,4,2,148,146,0,0,0,1,3,901,1,4,1.267303116,159,32,1,10,19,9,859,1444,585,4,8,4,99.69604863
629a4f9d903185a703aef2ef7e9b5a6b85768e78,2,0,21,21,0,0,0,1,2,1058,1,2,0.276195428,654,33,2,56,57,1,6175,6330,155,17,17,0,100
970f31734146755882101821947b7976d0fe93ce,0,0,0,0,0,0,0,0,0,0,0,0,0,0,210,0,0,0,0,0,0,0,0,0,0,100
cd2c76d635a466e43f83fbb755ecc236a27c9d57,0,0,0,0,0,0,0,0,0,0,0,0,0,0,211,1,0,0,0,0,0,0,0,0,0,100
1699c1e01242c1af543b86ff11e191f7dd3ef292,0,0,0,0,0,0,0,0,0,0,0,0,0,0,212,2,0,0,0,0,0,0,0,0,0,100
6f375baf4ebe9020fe367206229e84271e4b22b1,0,0,0,0,0,0,0,0,0,0,0,0,0,0,213,3,0,0,0,0,0,0,0,0,0,100
0988421d197506679d71f8dba7171b534a923542,0,0,0,0,0,0,0,0,0,0,0,0,0,0,214,4,0,0,0,0,0,0,0,0,0,100
8e5ec69667b2f25cf1fda6b1c70de1d6b79d1885,0,0,0,0,0,0,0,0,0,0,0,0,0,0,215,5,0,0,0,0,0,0,0,0,0,100
c47aa7e8561d8ca850d7fe8bd44ae96d1c77223c,0,0,0,0,0,0,0,0,0,0,0,0,0,0,216,6,0,0,0,0,0,0,0,0,0,100
2114b5b9999e368403b47044d521691f3006e587,0,0,0,0,0,0,0,0,0,0,0,0,0,0,217,7,0,0,0,0,0,0,0,0,0,100
c97d22dd76ac593f1125e4ac1f3ba95ed51adb14,0,0,0,0,0,0,0,0,0,0,0,0,0,0,218,8,0,0,0,0,0,0,0,0,0,100
97169c148ffd17faa3bfa7ba2d4f9c3a33bce7a9,0,0,0,0,0,0,0,0,0,0,0,0,0,0,219,9,0,0,0,0,0,0,0,0,0,100
641fcb7dbafa831f58481dab2a9d5acc011361b4,0,0,0,0,0,0,0,0,0,0,0,0,0,0,220,10,0,0,0,0,0,0,0,0,0,100
0f2e8018a2680669996e1f14200179584658d5b6,0,0,0,0,0,0,0,0,0,0,0,0,0,0,221,11,0,0,0,0,0,0,0,0,0,100
75a8483832102849ce46c8d1dbf4fc76f1ad18c9,0,0,0,0,0,0,0,0,0,0,0,0,0,0,222,12,0,0,0,0,0,0,0,0,0,100
3a7559221e20aa00a01dedd6df8271d29d0c2a64,0,0,0,0,0,0,0,0,0,0,0,0,0,0,223,13,0,0,0,0,0,0,0,0,0,100
df5c0a9e9fb3df4a91f58c4765da62d7310a4f71,0,0,0,0,0,0,0,0,0,0,0,0,0,0,224,14,0,0,0,0,0,0,0,0,0,100
6879fc28753ae09d02ca0654a63b2154a30652a1,0,0,0,0,0,0,0,0,0,0,0,0,0,0,225,15,0,0,0,0,0,0,0,0,0,100
1e7687a288a3b54b7be598d01f03f024acf27c34,0,0,0,0,0,0,0,0,0,0,0,0,0,0,226,16,0,0,0,0,0,0,0,0,0,100
e73948585d4161f7dd6935428743dc5fbabc82bb,0,0,0,0,0,0,0,0,0,0,0,0,0,0,227,17,0,0,0,0,0,0,0,0,0,100
dbb486018749ccccbb23d54b9e11207f5e308da3,0,0,0,0,0,0,0,0,0,0,0,0,0,0,228,18,0,0,0,0,0,0,0,0,0,100
678bd270f7e51ec8ff1fbf2e1c9de9486b88976b,0,0,0,0,0,0,0,0,0,0,0,0,0,0,229,19,0,0,0,0,0,0,0,0,0,100
0101c09c19d765cee197f0a1f8c3e17f9bb65c41,0,0,0,0,0,0,0,0,0,0,0,0,0,0,230,20,0,0,0,0,0,0,0,0,0,100
3fde22f6604355f4ec06252253f8c24c188c806b,0,0,0,0,0,0,0,0,0,0,0,0,0,0,231,21,0,0,0,0,0,0,0,0,0,100
c4817713b8d578bbca01096dc474cfdaaafb1f14,0,0,0,0,0,0,0,0,0,0,0,0,0,0,232,22,0,0,0,0,0,0,0,0,0,100
cbddf863a30477090977af1f92ed70daf3b9ac30,0,0,0,0,0,0,0,0,0,0,0,0,0,0,233,23,0,0,0,0,0,0,0,0,0,100
5714a5f7f255b2c4831d9eea627add7cd089b352,0,0,0,0,0,0,0,0,0,0,0,0,0,0,234,24,0,0,0,0,0,0,0,0,0,100
b3bdc00c1ca6db14882d9ff4c5693ca4259684b1,0,0,0,0,0,0,0,0,0,0,0,0,0,0,235,25,0,0,0,0,0,0,0,0,0,100
d97b53852fdd1aca2ce0fdac665f649db98377fa,0,0,0,0,0,0,0,0,0,0,0,0,0,0,236,26,0,0,0,0,0,0,0,0,0,100
e8219bf38c992291d16f4164e6c4647d67c2e341,0,0,0,0,0,0,0,0,0,0,0,0,0,0,237,27,0,0,0,0,0,0,0,0,0,100
f3a526e411b7272042268b0f6da725c0cb1a0361,0,0,0,0,0,0,0,0,0,0,0,0,0,0,238,28,0,0,0,0,0,0,0,0,0,100
93241c8c785422d29ffbb0362332045f02cec5bb,0,0,0,0,0,0,0,0,0,0,0,0,0,0,239,29,0,0,0,0,0,0,0,0,0,100
7e2f8e0abfed8c285ffb616f38a4878e9de5a22c,0,0,0,0,0,0,0,0,0,0,0,0,0,0,240,30,0,0,0,0,0,0,0,0,0,100
ecacb6087e189244118e0edc5b0d48ea1e9b79c9,0,0,0,0,0,0,0,0,0,0,0,0,0,0,241,31,0,0,0,0,0,0,0,0,0,100
d41e8e34eab876b5db9cd99d798f9ede4735b364,0,0,0,0,0,0,0,0,0,0,0,0,0,0,242,32,0,0,0,0,0,0,0,0,0,100
f56e3568d88c9515558cf898e98f2fe9c1390e79,0,0,0,0,0,0,0,0,0,0,0,0,0,0,243,33,0,0,0,0,0,0,0,0,0,100
6dec00d9a6581ff8422d06587b36d001caf3bdf4,0,0,0,0,0,0,0,0,0,0,0,0,0,0,244,34,0,0,0,0,0,0,0,0,0,100
803d8ad7ee87acedcd70fbe4138631c89df287ec,0,0,0,0,0,0,0,0,0,0,0,0,0,0,245,35,0,0,0,0,0,0,0,0,0,100
ecff605a41fa4b50bc1a5bb8de47f64dec1d66b4,0,0,0,0,0,0,0,0,0,0,0,0,0,0,246,36,0,0,0,0,0,0,0,0,0,100
f6584738480856cf3cf448919715b36702f3d7fe,0,0,0,0,0,0,0,0,0,0,0,0,0,0,247,37,0,0,0,0,0,0,0,0,0,100
e103da9710aec8f30c49c7c33fb9a92acb31290a,0,0,0,0,0,0,0,0,0,0,0,0,0,0,248,38,0,0,0,0,0,0,0,0,0,100
12b94f73b08c9f13b389158e6a2fd2ef0f04bce9,0,0,0,0,0,0,0,0,0,0,0,0,0,0,249,39,0,0,0,0,0,0,0,0,0,100
43bf61e865bdc7bb00bf89f7fb806437adc7c8ae,0,0,0,0,0,0,0,0,0,0,0,0,0,0,250,40,0,0,0,0,0,0,0,0,0,100
6ba5de18d7d315576a791112e184f099460f7834,0,0,0,0,0,0,0,0,0,0,0,0,0,0,251,41,0,0,0,0,0,0,0,0,0,100
a2026774f938b5bcbec26341a6ecdaf7186501b9,0,0,0,0,0,0,0,0,0,0,0,0,0,0,252,42,0,0,0,0,0,0,0,0,0,100
1cf27c819fb16509fc509e0a137874821e70210e,0,0,0,0,0,0,0,0,0,0,0,0,0,0,253,43,0,0,0,0,0,0,0,0,0,100
2ed5e8899b4b8d7db676686168137e29a6b2fe09,0,0,0,0,0,0,0,0,0,0,0,0,0,0,254,44,0,0,0,0,0,0,0,0,0,100
36fed021b08d0d3705d515d5e4835c695c9f1071,0,0,0,0,0,0,0,0,0,0,0,0,0,0,255,45,0,0,0,0,0,0,0,0,0,100
c6668bde927fd37cfec6b69ca16961d46a2524b1,0,0,0,0,0,0,0,0,0,0,0,0,0,0,34,0,0,0,0,0,0,0,0,0,0,100
64899d5d5a2fcc565a619af78b0f2a84909240a8,0,0,0,0,0,0,0,0,0,0,0,0,0,0,256,46,0,0,0,0,0,0,0,0,0,100
2a0f92c26f5bde456d3e71208d03e012767eb23d,0,0,0,0,0,0,0,0,0,0,0,0,0,0,257,47,0,0,0,0,0,0,0,0,0,100
252ab8d00a5a57981c5e5bbd58fc1b624d23c472,0,0,0,0,0,0,0,0,0,0,0,0,0,0,258,48,0,0,0,0,0,0,0,0,0,100
f4f996656dea5d2ce03cbb3d68f160b8972df1e3,0,0,0,0,0,0,0,0,0,0,0,0,0,0,259,49,0,0,0,0,0,0,0,0,0,100
a768e39902bec359fe5b4d71cf6c4fad1d465ee5,0,0,0,0,0,0,0,0,0,0,0,0,0,0,260,50,0,0,0,0,0,0,0,0,0,100
dd622a23ebbb87ef0be33b23fe9355453ab66621,0,0,0,0,0,0,0,0,0,0,0,0,0,0,261,51,0,0,0,0,0,0,0,0,0,100
34fc9bfff8646f99411bfbf7a79c8bae6feb8ae7,0,0,0,0,0,0,0,0,0,0,0,0,0,0,262,52,0,0,0,0,0,0,0,0,0,100
28b440416d02dcf8daa8e33ce460ea1f14160675,0,0,0,0,0,0,0,0,0,0,0,0,0,0,263,53,0,0,0,0,0,0,0,0,0,100
3daa67866c0085ada9827ffb9ee1e0dcfac56cff,0,0,0,0,0,0,0,0,0,0,0,0,0,0,264,54,0,0,0,0,0,0,0,0,0,100
66ea67e55d20db12aa9649f7271c92187b3ee4f9,0,0,0,0,0,0,0,0,0,0,0,0,0,0,265,55,0,0,0,0,0,0,0,0,0,100
fb2a48b8789684b5d81b26233683e1576015f8fb,0,0,0,0,0,0,0,0,0,0,0,0,0,0,266,56,0,0,0,0,0,0,0,0,0,100
2fd0deaef2f9111cd6556b379e942495ce6e997f,0,0,0,0,0,0,0,0,0,0,0,0,0,0,267,57,0,0,0,0,0,0,0,0,0,100
1c80e04981c67260529c38e0c8a2213c0e4cc68a,0,0,0,0,0,0,0,0,0,0,0,0,0,0,268,58,0,0,0,0,0,0,0,0,0,100
bc532e2f978d08be94fb5fcdfcb4eb8a8353f3fc,0,0,0,0,0,0,0,0,0,0,0,0,0,0,0,0,0,0,0,0,0,0,0,0,0,100
a340e695f4ab0943dc5ccb8ce7ed65316fcdaa24,0,0,0,0,0,0,0,0,0,0,0,0,0,0,269,59,0,0,0,0,0,0,0,0,0,100
a378448750d4d899014ba02ea95a0b7f573671e9,23,259,262,3,2,0,2,2,4,642,1,12,3.475113361,1823,1,1,261,265,4,14231,14994,763,126,127,1,94.49901768
c8fdabdd2ea8bee854a8cd02569e1c5158112bd6,1,20,7,13,0,0,0,2,3,3,1,1,0,32,2,2,0,0,0,200,224,24,0,0,0,100
f5880e1df352ab15724b51cda6b16a636f726640,0,0,0,0,0,0,0,0,0,0,0,0,0,0,3,3,0,0,0,0,0,0,0,0,0,100
bb0e0f3867e5e77d6d721b1e456062fded694178,0,0,0,0,0,0,0,0,0,0,0,0,0,0,4,4,0,0,0,0,0,0,0,0,0,100
51e78ba2309ad9683c6baa6ef9fff81153d5d37a,0,0,0,0,0,0,0,0,0,0,0,0,0,0,5,5,0,0,0,0,0,0,0,0,0,100
c76ce784940ad56fe6fc69253d3e003c40b73ead,3,45,8,37,0,0,0,2,4,113,1,3,1.072813681,217,6,6,30,28,2,1808,1581,227,25,24,1,100
de2d37f93c6c71a91d9a933973d175a094ba9c03,6,55,65,10,0,0,0,1,8,1160,1,3,2.218922862,466,270,0,71,71,0,2475,2482,7,33,34,1,99.0530303
2a2d1b0f815ffde11c77bd2f80388a2559aff2c5,6,18,19,1,0,0,0,2,9,1162,2,5,2.274775722,450,271,1,53,53,0,2562,2542,20,26,26,0,99.13461538
bb5c0709c36748fadba85db3982e2088a97c0d58,0,0,0,0,0,0,0,0,0,0,0,0,0,0,0,0,0,0,0,0,0,0,0,0,0,100
c719a765d43dc1f66fd709e31a783a38b3dc16ac,9,85,72,13,0,0,0,2,3,827,1,5,2.499308302,795,14,0,95,92,3,6743,6612,131,47,47,0,100
db87fa96db1fbc2d1143d3ab03937b15d6f68218,9,26,26,0,0,0,0,2,4,716,1,8,2.874134201,1372,15,1,190,190,0,10521,10519,2,84,84,0,100
89dc67ce26ad59a8e2be652019364130e4971af9,1,1,1,0,0,0,0,3,5,4,1,1,0,44,16,2,0,0,0,320,320,0,0,0,0,100
ac45bb68869e52fa000d4d457cd6ea0b6c42f93d,22,419,408,11,7,0,7,3,6,153,1,8,3.994444888,745,7,0,93,86,7,6119,5610,509,48,43,5,97.19535783
2511e0a84a6fceb92007bfb5efab380e66a48930,5,0,0,0,5,0,5,3,5,0,1,2,0,0,8,1,0,0,0,0,0,0,0,0,0,99.03846154
3d6aa4e5946fcf62db080df28bfb121ffd01a64c,0,0,0,0,0,0,0,0,0,0,0,0,0,0,272,0,0,0,0,0,0,0,0,0,0,100
f43b80528ed6a487a4393923152582d4840e7e13,0,0,0,0,0,0,0,0,0,0,0,0,0,0,273,1,0,0,0,0,0,0,0,0,0,100
0b7f441ba913d46646863cdbda66b2a25113818c,1,24,1,23,0,0,0,3,5,208,1,1,0,426,9,0,47,45,2,3762,3587,175,23,22,1,100
fb894f09bbe69a546d8a8882f7136b028ffe08da,1,38,3,35,0,0,0,2,2,182,1,1,0,17,1,0,9,3,6,265,109,156,3,2,1,100
c7b9ddbeaad334d0be8907cef73d876d2d5ad0a6,7,151,157,6,0,0,0,4,6,133,1,6,2.258142024,674,2,1,81,77,4,5488,5639,151,39,37,2,99.70873786
6268b517ff25a304e0afee207f46889ac6afa80f,1,16,0,16,0,0,0,2,2,2015,1,1,0,29,35,0,8,8,0,149,149,0,8,8,0,100
a97df3ddb08ab29f000eb250fcf7e6339787399e,2,32,0,32,0,0,0,2,3,38,1,1,1,81,10,0,14,14,0,710,710,0,5,5,0,100
793e5f823fe573b4cf556f789aadf0e815b6eef0,35,124,121,3,0,0,0,3,5,1203,1,19,4.805732131,2056,3,0,381,372,9,15046,14999,47,263,263,0,100
ccfd98d99100811d906b205cda355bc8b56f2a88,0,0,0,0,0,0,0,0,0,0,0,0,0,0,36,0,0,0,0,0,0,0,0,0,0,100
6ca96f81f3f545eaa50c5950b7a6a754728f321b,0,0,0,0,0,0,0,0,0,0,0,0,0,0,37,1,0,0,0,0,0,0,0,0,0,100
549d656221030ce6782e9fd97fb6ac426d178293,0,0,0,0,0,0,0,0,0,0,0,0,0,0,38,2,0,0,0,0,0,0,0,0,0,100
21a1753683f21374d709344a7256abc0e8a2ed6c,6,117,11,106,0,0,0,2,4,634,1,3,2.584075152,189,39,3,44,44,0,1170,1170,0,29,29,0,100
cd318580f4f7a40d17898d5778bd720b521ddd0b,145,413,422,9,0,0,0,2,7,790,1,56,7.14104644,7584,40,4,1127,1127,0,58892,58922,30,664,664,0,100
b00eae8d013254f44beeaecbc97734736ca2598b,0,0,0,0,0,0,0,0,0,0,0,0,0,0,41,5,0,0,0,0,0,0,0,0,0,100
199a8e0d66ba2e073a685165cc17937b891471f5,1,0,0,0,1,0,1,1,3,587,1,1,0,0,42,6,0,0,0,0,0,0,0,0,0,99.80544747
20f6befd622b1b69ab2409a5cfd574eabd84448b,0,0,0,0,0,0,0,0,0,0,0,0,0,0,43,2,0,0,0,0,0,0,0,0,0,100
fa43b00bcaacd506dd03ad423f67ac63509b243b,6,0,340,340,0,0,0,1,4,2230,1,2,2.381303179,198,44,3,0,23,23,0,710,710,0,13,13,98.32181639
b0ab7a4df601486c1286e5cb5b8792ff80f1c7c5,52,0,4001,4001,0,0,0,2,12,1688,2,11,5.378533138,2080,45,4,0,193,193,0,8091,8091,0,108,108,86.6894198
f2bdd896979d491d0a5ce38dbe123f3b830d6a8a,0,0,0,0,0,0,0,0,0,0,0,0,0,0,46,5,0,0,0,0,0,0,0,0,0,100
1e7ac8c0e516d07b2b63a9a1c985323329cafe10,0,0,0,0,0,0,0,0,0,0,0,0,0,0,274,0,0,0,0,0,0,0,0,0,0,100
33cfbb7012b64f4288f46719507f8b53e83e2b1e,0,0,0,0,0,0,0,0,0,0,0,0,0,0,275,1,0,0,0,0,0,0,0,0,0,100
04b89ea72165398e617b16745a13623f83d7b48d,0,0,0,0,0,0,0,0,0,0,0,0,0,0,276,2,0,0,0,0,0,0,0,0,0,100
1d0a0c43bc3b286abfe09be77229597a67128961,0,0,0,0,0,0,0,0,0,0,0,0,0,0,277,3,0,0,0,0,0,0,0,0,0,100
9798a38aa40eec90e66e38155d546eae3badb839,0,0,0,0,0,0,0,0,0,0,0,0,0,0,278,4,0,0,0,0,0,0,0,0,0,100
42a79d7b38388eb9a09708d6e374e19247ddf2b1,0,0,0,0,0,0,0,0,0,0,0,0,0,0,279,5,0,0,0,0,0,0,0,0,0,100
2b485db0a7306285dcab0b145f0568df25ae20e9,0,0,0,0,0,0,0,0,0,0,0,0,0,0,280,6,0,0,0,0,0,0,0,0,0,100
b5e8c4637e64308a64b10b699c191090368d319f,0,0,0,0,0,0,0,0,0,0,0,0,0,0,281,7,0,0,0,0,0,0,0,0,0,100
621249df4f5f1158460f4aa5cfcc16ebc1142880,0,0,0,0,0,0,0,0,0,0,0,0,0,0,282,8,0,0,0,0,0,0,0,0,0,100
215157976cb2c32c38d81adff844a045460fc32a,0,0,0,0,0,0,0,0,0,0,0,0,0,0,283,9,0,0,0,0,0,0,0,0,0,100
cfdce37c78adeb2f42a92aec0093d6acab948bb1,0,0,0,0,0,0,0,0,0,0,0,0,0,0,284,10,0,0,0,0,0,0,0,0,0,100
e2bb393c11a9934946ef34730f969b09a011c6f0,0,0,0,0,0,0,0,0,0,0,0,0,0,0,285,11,0,0,0,0,0,0,0,0,0,100
4c595a76e4eeaa17a808b072f8f0d22e7a135baf,0,0,0,0,0,0,0,0,0,0,0,0,0,0,286,12,0,0,0,0,0,0,0,0,0,100
8693d1392f2ea80d4eb0d0184bd31cf4bac1fe27,0,0,0,0,0,0,0,0,0,0,0,0,0,0,287,13,0,0,0,0,0,0,0,0,0,100
61d73753dd0fc7637dcbd492231b0b75cf5e0c50,0,0,0,0,0,0,0,0,0,0,0,0,0,0,288,14,0,0,0,0,0,0,0,0,0,100
f44d388a4ff3e397a0441797576d9d9dc884bb63,0,0,0,0,0,0,0,0,0,0,0,0,0,0,289,15,0,0,0,0,0,0,0,0,0,100
8ff03667dfdb72d08de9a2db7f379e2a92e18425,0,0,0,0,0,0,0,0,0,0,0,0,0,0,290,16,0,0,0,0,0,0,0,0,0,100
5b9cda4e4d998aca11dcb33b296f2a679b978475,0,0,0,0,0,0,0,0,0,0,0,0,0,0,291,17,0,0,0,0,0,0,0,0,0,100
4aa3f833ebc545dc0ceaa0bc3cc7e5a08bf8a332,0,0,0,0,0,0,0,0,0,0,0,0,0,0,292,18,0,0,0,0,0,0,0,0,0,100
069474905695a5384336ac0bf77f85eae80f9167,0,0,0,0,0,0,0,0,0,0,0,0,0,0,293,19,0,0,0,0,0,0,0,0,0,100
d8e5e6484732a58c223675d3fb948cb0019d5d45,0,0,0,0,0,0,0,0,0,0,0,0,0,0,294,20,0,0,0,0,0,0,0,0,0,100
8d6de8e09196a3496cfa6b1213fc4b06bff00606,0,0,0,0,0,0,0,0,0,0,0,0,0,0,295,21,0,0,0,0,0,0,0,0,0,100
c161ad76f9f9e97b18321e7d97e426ea72297073,0,0,0,0,0,0,0,0,0,0,0,0,0,0,296,22,0,0,0,0,0,0,0,0,0,100
1f6dc864f9b25bfe2cf7ff5236018e9597593f0a,0,0,0,0,0,0,0,0,0,0,0,0,0,0,297,23,0,0,0,0,0,0,0,0,0,100
443d42b4a14097d348f9e0950a04480f09bc7f07,0,0,0,0,0,0,0,0,0,0,0,0,0,0,298,24,0,0,0,0,0,0,0,0,0,100
b50a4f4b6cca24d4a4ee3a06655eebb202666487,0,0,0,0,0,0,0,0,0,0,0,0,0,0,299,25,0,0,0,0,0,0,0,0,0,100
7afa80f81cf9a32306aebfc009fdfc938df5bb96,0,0,0,0,0,0,0,0,0,0,0,0,0,0,300,26,0,0,0,0,0,0,0,0,0,100
db752fe673505f2718de2ff373886a3962819ac7,0,0,0,0,0,0,0,0,0,0,0,0,0,0,301,27,0,0,0,0,0,0,0,0,0,100
97782a7c0ffcd50f7c38c46fe0a5fb2f9036b83f,0,0,0,0,0,0,0,0,0,0,0,0,0,0,302,28,0,0,0,0,0,0,0,0,0,100
233a438404521be722eafe1cadc4579e8d05c7c2,0,0,0,0,0,0,0,0,0,0,0,0,0,0,303,29,0,0,0,0,0,0,0,0,0,100
a7dc24976881162c8e70c8897b885976354a6a0d,0,0,0,0,0,0,0,0,0,0,0,0,0,0,304,30,0,0,0,0,0,0,0,0,0,100
f5967774fd3b03f159b8c5f88f6889fd77667ed3,0,0,0,0,0,0,0,0,0,0,0,0,0,0,305,31,0,0,0,0,0,0,0,0,0,100
50f7a13d9f81d6a38ccbb2c857c29eae315dfa25,0,0,0,0,0,0,0,0,0,0,0,0,0,0,306,32,0,0,0,0,0,0,0,0,0,100
6d312fbb08dba5e9b96252090cb42e124d33d743,0,0,0,0,0,0,0,0,0,0,0,0,0,0,307,33,0,0,0,0,0,0,0,0,0,100
521679f3ab2b0b0e4aff472764a8a40e9039583b,0,0,0,0,0,0,0,0,0,0,0,0,0,0,308,34,0,0,0,0,0,0,0,0,0,100
f02dba3f49a752cdecd80afdaba29183af49cde1,0,0,0,0,0,0,0,0,0,0,0,0,0,0,309,35,0,0,0,0,0,0,0,0,0,100
3cc37ad064e5b44fde2a0a1a77de435bcaf7bafd,0,0,0,0,0,0,0,0,0,0,0,0,0,0,310,36,0,0,0,0,0,0,0,0,0,100
4c1068bb72f446c3d8c4bed9e10e56230e6ecfec,0,0,0,0,0,0,0,0,0,0,0,0,0,0,311,37,0,0,0,0,0,0,0,0,0,100
56bdeb90b761195637e9fbd8a2ca897bb17f321e,0,0,0,0,0,0,0,0,0,0,0,0,0,0,312,38,0,0,0,0,0,0,0,0,0,100
d4f4e0d4e21a1bb5d108dcb725fa11c6b3236de3,151,0,0,0,0,0,0,1,1,0,1,59,0,7781,313,39,1152,453,699,60187,19932,40255,680,302,378,25.29644269
77463071b1115878dff22900650c0a22ca5dd049,0,0,0,0,0,0,0,0,0,0,0,0,0,0,314,40,0,0,0,0,0,0,0,0,0,100
85d0cd66e6394c11fc3b503f3f1aecee754515a3,0,0,0,0,0,0,0,0,0,0,0,0,0,0,315,41,0,0,0,0,0,0,0,0,0,100
1fb8bfb38c5d684ffbbbbcabd535abb1b1ae8dd8,0,0,0,0,0,0,0,0,0,0,0,0,0,0,316,42,0,0,0,0,0,0,0,0,0,100
a6b18fc0217757e727eb7800913cc654b09219e2,0,0,0,0,0,0,0,0,0,0,0,0,0,0,317,43,0,0,0,0,0,0,0,0,0,100
14772182e5f342ee8b691334cae32b894b14d4d4,0,0,0,0,0,0,0,0,0,0,0,0,0,0,318,44,0,0,0,0,0,0,0,0,0,100
864c97952e934aedc9c6862ed39f7954f6687987,0,0,0,0,0,0,0,0,0,0,0,0,0,0,319,45,0,0,0,0,0,0,0,0,0,100
514c1f412d865e0423f740daf6c40018f62cf62a,0,0,0,0,0,0,0,0,0,0,0,0,0,0,320,46,0,0,0,0,0,0,0,0,0,100
28fd4d63387a6b30bad6f1609645332f16b2397e,0,0,0,0,0,0,0,0,0,0,0,0,0,0,321,47,0,0,0,0,0,0,0,0,0,100
f8e3f5a60d5962b7983d3a4579e8fecfa870130f,0,0,0,0,0,0,0,0,0,0,0,0,0,0,322,48,0,0,0,0,0,0,0,0,0,100
7e6c04021adb46fc97d37cce88d9d77d488a09b5,0,0,0,0,0,0,0,0,0,0,0,0,0,0,323,49,0,0,0,0,0,0,0,0,0,100
22639ef96595dd4a40724a7bdae65242bb62079e,0,0,0,0,0,0,0,0,0,0,0,0,0,0,324,50,0,0,0,0,0,0,0,0,0,100
b86f5a797eab100f481cf69fa7a64b2cc18742f9,0,0,0,0,0,0,0,0,0,0,0,0,0,0,325,51,0,0,0,0,0,0,0,0,0,100
d2b0c576fb6af09e557cdfa8235243ee8a8a0a5d,0,0,0,0,0,0,0,0,0,0,0,0,0,0,326,52,0,0,0,0,0,0,0,0,0,100
a2265006db99407b57f68957b2fc8f2c4e7346a8,0,0,0,0,0,0,0,0,0,0,0,0,0,0,327,53,0,0,0,0,0,0,0,0,0,100
39a4d0a5882f0efb7310b7acc6487efe6e598a55,0,0,0,0,0,0,0,0,0,0,0,0,0,0,328,54,0,0,0,0,0,0,0,0,0,100
b962e226c0b6f891b1f014085fc760ec69237a6d,0,0,0,0,0,0,0,0,0,0,0,0,0,0,329,55,0,0,0,0,0,0,0,0,0,100
cf0dfb7365c02e9e71167d48200eb3e3a097fda5,0,0,0,0,0,0,0,0,0,0,0,0,0,0,330,56,0,0,0,0,0,0,0,0,0,100
38686425791b370d02122abd9853597d7ee368f6,0,0,0,0,0,0,0,0,0,0,0,0,0,0,331,57,0,0,0,0,0,0,0,0,0,100
95000e73b47b3d79ecca54e07c467c002629d833,0,0,0,0,0,0,0,0,0,0,0,0,0,0,332,58,0,0,0,0,0,0,0,0,0,100
9a9f685eb773af23aef85b82ae0b952be129d6a7,0,0,0,0,0,0,0,0,0,0,0,0,0,0,333,59,0,0,0,0,0,0,0,0,0,100
a4101a63383f423dd60b21a4fa99b31ca03cd8cc,0,0,0,0,0,0,0,0,0,0,0,0,0,0,334,60,0,0,0,0,0,0,0,0,0,100
0d5b50707c86c64da925210277df29929599b5e5,0,0,0,0,0,0,0,0,0,0,0,0,0,0,335,61,0,0,0,0,0,0,0,0,0,100
8301e0719cc9c201231cee79bcbfee2ba81572d5,0,0,0,0,0,0,0,0,0,0,0,0,0,0,336,62,0,0,0,0,0,0,0,0,0,100
f5b8beab1f6c11c3b71a29cc8f43da674bae9d2b,0,0,0,0,0,0,0,0,0,0,0,0,0,0,337,63,0,0,0,0,0,0,0,0,0,100
c9cb99e6b40c2998ded6d024c5e01c919458c8b3,0,0,0,0,0,0,0,0,0,0,0,0,0,0,338,64,0,0,0,0,0,0,0,0,0,100
5751168427ec0b0670763842bd43d602014d6dd6,0,0,0,0,0,0,0,0,0,0,0,0,0,0,339,65,0,0,0,0,0,0,0,0,0,100
39993f412ba2fb406f5270b67fed1dca509e6103,0,0,0,0,0,0,0,0,0,0,0,0,0,0,340,66,0,0,0,0,0,0,0,0,0,100
58c8e984c6885be1f1d811df2269dc13e530fb77,0,0,0,0,0,0,0,0,0,0,0,0,0,0,341,67,0,0,0,0,0,0,0,0,0,100
027fed627e17a7dfdbed137ac762fad520e9660a,0,0,0,0,0,0,0,0,0,0,0,0,0,0,342,68,0,0,0,0,0,0,0,0,0,100
245d55c33db9bba8a727ad9396e7c5e6b28e2fde,0,0,0,0,0,0,0,0,0,0,0,0,0,0,343,69,0,0,0,0,0,0,0,0,0,100
48fc83b8349782e893746fa55e0f6f3d78ab2883,0,0,0,0,0,0,0,0,0,0,0,0,0,0,344,0,0,0,0,0,0,0,0,0,0,100
f9a3c771d61fca7db3eb167983b566ccb2c60086,0,0,0,0,0,0,0,0,0,0,0,0,0,0,11,0,0,0,0,0,0,0,0,0,0,100
6b19d59604f7794f9480d2ea8aaf54d83f8307e5,1,3,3,0,0,0,0,2,2,177,1,1,0,104,17,0,29,29,0,446,446,0,29,29,0,100
6837603eb218568c1bc8ca7f231f987bb9b7e2b7,1,15,6,9,0,0,0,2,2,201,1,1,0,26,4,0,6,4,2,247,194,53,3,2,1,100
4eaa72272ea556ced9ecd3cbee754ad9f513d091,1,11,0,11,0,0,0,2,2,303,1,1,0,104,12,0,28,25,3,603,565,38,22,20,2,100
477c4fd1fe96d72b741fb63cb11103fb319fcb8c,3,12,0,12,0,0,0,2,2,429,1,3,1.325011211,303,13,0,66,62,4,2299,2179,120,43,43,0,100
e0b2e9911129e1c786c79e474b571d4a272df914,0,0,0,0,0,0,0,0,0,0,0,0,0,0,345,0,0,0,0,0,0,0,0,0,0,100
09dfe54f64efedbd7e451df436219d5c5bb88040,0,0,0,0,0,0,0,0,0,0,0,0,0,0,346,1,0,0,0,0,0,0,0,0,0,100
339024533a6f7c8373d070d2fb181a01284ac30a,0,0,0,0,0,0,0,0,0,0,0,0,0,0,347,2,0,0,0,0,0,0,0,0,0,100
d7356f9034ae8f36f9a17ecd5098aaa4a6dfcff3,0,0,0,0,0,0,0,0,0,0,0,0,0,0,348,3,0,0,0,0,0,0,0,0,0,100
11f378594c7f1c6c5345907407d02d0871793cc5,0,0,0,0,0,0,0,0,0,0,0,0,0,0,349,4,0,0,0,0,0,0,0,0,0,100
22a8d3c538153d076e4469c0a604e31fd30d7e56,3,11,3,8,0,0,0,2,2,549,1,2,1.556656707,253,14,0,43,42,1,2073,2013,60,10,10,0,100
e59146324f3f2fe4a6d4b7e9e7c306c1b429a703,2,5,1,4,0,0,0,2,3,2,1,2,0.918295834,196,15,1,39,38,1,1453,1427,26,9,9,0,100
408b6407b0613ac17504d5a132a6db82e31d0e60,1,26,1,25,0,0,0,2,2,558,1,1,0,45,16,2,16,10,6,599,412,187,1,1,0,100
c0eccac4617e40df3869bce1a8683f8f125090fa,3,35,2,33,0,0,0,2,2,567,1,3,1.248763681,441,17,3,126,120,6,3242,3020,222,54,52,2,100
47e789c4f132be5f779f4f8729fe2c4f3a718e00,4,96,1,95,2,0,2,1,2,282,1,3,1.315898644,69,18,4,20,10,10,836,534,302,19,9,10,90.87248322
4bc72a13a3ba6433866f478c67c5e92df5e8d3de,3,55,24,31,0,0,0,3,4,326,1,3,1.043864535,277,19,5,70,63,7,1938,1693,245,41,37,4,90.45643154
a5dfead35ec474f5a3335101998112eedf4dab85,0,0,0,0,0,0,0,0,0,0,0,0,0,0,0,0,0,0,0,0,0,0,0,0,0,100
efa808185014d77a512448a593fb94daa03661a2,0,0,0,0,0,0,0,0,0,0,0,0,0,0,47,0,0,0,0,0,0,0,0,0,0,100
3c384305c7d94d2e85a7d0457528e91e75f5a125,0,0,0,0,0,0,0,0,0,0,0,0,0,0,350,0,0,0,0,0,0,0,0,0,0,100
3490ccb9191edb6072a631643c86f091e0f6be77,0,0,0,0,0,0,0,0,0,0,0,0,0,0,351,1,0,0,0,0,0,0,0,0,0,100
968c155d3af1b24ca5138e2312a29e4f4f51da7a,0,0,0,0,0,0,0,0,0,0,0,0,0,0,352,2,0,0,0,0,0,0,0,0,0,100
417dbda8df94f48f99af05e4a3326e9ba6c64d0b,0,0,0,0,0,0,0,0,0,0,0,0,0,0,353,3,0,0,0,0,0,0,0,0,0,100
6f5b5cd91ca4db7df941e6df9bc4691a90a62d52,0,0,0,0,0,0,0,0,0,0,0,0,0,0,354,4,0,0,0,0,0,0,0,0,0,100
4d4adef4c9f2664f4804fa3592e8f40ab782097c,0,0,0,0,0,0,0,0,0,0,0,0,0,0,355,5,0,0,0,0,0,0,0,0,0,100
878f140071124690a66fe627f68472c2d65eed91,0,0,0,0,0,0,0,0,0,0,0,0,0,0,356,6,0,0,0,0,0,0,0,0,0,100
7112b2f34c34cd49f8a25a0a19e5604e08d7c5b4,0,0,0,0,0,0,0,0,0,0,0,0,0,0,357,7,0,0,0,0,0,0,0,0,0,100
ba56f14d5bf98a1da190c6c00a7fde8efbc2f7a9,0,0,0,0,0,0,0,0,0,0,0,0,0,0,358,8,0,0,0,0,0,0,0,0,0,100
5b4c1ee1f5ff4a4a4ca6f0135e9331ce8681278a,0,0,0,0,0,0,0,0,0,0,0,0,0,0,359,9,0,0,0,0,0,0,0,0,0,100
f697ae026be6291392e4adfd13c77415c46c2002,0,0,0,0,0,0,0,0,0,0,0,0,0,0,360,10,0,0,0,0,0,0,0,0,0,100
9b9b05cba36787106e9ea02a1533c1a0430037b8,0,0,0,0,0,0,0,0,0,0,0,0,0,0,361,11,0,0,0,0,0,0,0,0,0,100
2af85ad93e7214b00e2d765fa8906b1380596dc1,0,0,0,0,0,0,0,0,0,0,0,0,0,0,362,12,0,0,0,0,0,0,0,0,0,100
0e90a024e8b19efb1f3c78918456bee0b57455ef,0,0,0,0,0,0,0,0,0,0,0,0,0,0,363,13,0,0,0,0,0,0,0,0,0,100
7bf29b569d082f386c84e559ff1735756af9f60e,0,0,0,0,0,0,0,0,0,0,0,0,0,0,364,14,0,0,0,0,0,0,0,0,0,100
bf6c5e86ba5fdebc6bf73d75d0949e2e5f0fb9fc,0,0,0,0,0,0,0,0,0,0,0,0,0,0,365,15,0,0,0,0,0,0,0,0,0,100
6b09a237ef24d4f046cf7bc0d7782b0830558d06,0,0,0,0,0,0,0,0,0,0,0,0,0,0,366,16,0,0,0,0,0,0,0,0,0,100
1bea43bd81b1f613ea3b4e9d5bbb35ea1f2f9380,0,0,0,0,0,0,0,0,0,0,0,0,0,0,20,5,0,0,0,0,0,0,0,0,0,100
eb99d8c6663b226a6ca6c5e5bfafd66969104e6f,0,0,0,0,0,0,0,0,0,0,0,0,0,0,367,17,0,0,0,0,0,0,0,0,0,100
f015087941808da55dfc9a9931d4f634107e2fe0,0,0,0,0,0,0,0,0,0,0,0,0,0,0,368,18,0,0,0,0,0,0,0,0,0,100
f5c4a664b7616fb5e0181dcda0e4266c8b9fbe55,0,0,0,0,0,0,0,0,0,0,0,0,0,0,369,19,0,0,0,0,0,0,0,0,0,100
ef1018d7f3dad09ba039fa00a025c5f7e3735ddc,0,0,0,0,0,0,0,0,0,0,0,0,0,0,370,20,0,0,0,0,0,0,0,0,0,100
5398645cfd9e8c336389348654672c7af4ce2895,0,0,0,0,0,0,0,0,0,0,0,0,0,0,371,21,0,0,0,0,0,0,0,0,0,100
3a0bd59875e31de343dcf99d56ae963ed3eb40b0,0,0,0,0,0,0,0,0,0,0,0,0,0,0,372,22,0,0,0,0,0,0,0,0,0,100
35199cda1e89fbdd0ea639683fca6522a3bf7c19,0,0,0,0,0,0,0,0,0,0,0,0,0,0,373,23,0,0,0,0,0,0,0,0,0,100
c71b27e41e470757632a6e1996506569b96f8a2f,0,0,0,0,0,0,0,0,0,0,0,0,0,0,374,24,0,0,0,0,0,0,0,0,0,100
590b3d2c63f5727e10b5ef4e139ed555e8fdefae,0,0,0,0,0,0,0,0,0,0,0,0,0,0,375,25,0,0,0,0,0,0,0,0,0,100
6d9f8c704809f9691b46355703ee4c03991a7bb5,0,0,0,0,0,0,0,0,0,0,0,0,0,0,376,26,0,0,0,0,0,0,0,0,0,100
e45b62e9ac9bfc27efc5bf05d9ee03e1fae4a0f2,0,0,0,0,0,0,0,0,0,0,0,0,0,0,377,27,0,0,0,0,0,0,0,0,0,100
391c6ef2c16b694804b8e141fb38f02de119c96b,153,674,652,22,0,0,0,1,1,0,1,59,6.904861023,7964,378,28,1192,459,733,61778,20196,41582,699,306,393,25.28735632
173847da74e7d4eec6dd374af06af2b3b0279c5c,0,0,0,0,0,0,0,0,0,0,0,0,0,0,379,29,0,0,0,0,0,0,0,0,0,100
6e42387a66da0ee1df2c78b4a9bc3678e03125d7,0,0,0,0,0,0,0,0,0,0,0,0,0,0,380,30,0,0,0,0,0,0,0,0,0,100
1d118995f3e6b8a323d643613b1da2cbc3a67359,5,148,68,80,2,0,2,1,2,51,1,4,2.088293568,317,21,0,47,51,4,2604,2320,284,39,36,3,99.53161593
9605974af8e454a46081737021f8d01a8a0ebab9,0,0,0,0,0,0,0,0,0,0,0,0,0,0,0,0,0,0,0,0,0,0,0,0,0,100
3a22f530f7bc2d0d7299aab0b6819a7523c88320,0,0,0,0,0,0,0,0,0,0,0,0,0,0,1,1,0,0,0,0,0,0,0,0,0,100
1bcf8b6b7c26c7434356a5d3e13ef62875cd4313,0,0,0,0,0,0,0,0,0,0,0,0,0,0,2,2,0,0,0,0,0,0,0,0,0,100
f75e553f5c7696abfb75d342a97eb586b5451ce5,0,0,0,0,0,0,0,0,0,0,0,0,0,0,22,0,0,0,0,0,0,0,0,0,0,100
e40c20d75c549a6ba4953c708add792e27e0e79c,0,0,0,0,0,0,0,0,0,0,0,0,0,0,23,1,0,0,0,0,0,0,0,0,0,100
7692681e4a35281905f8dade3103e726a4019feb,0,0,0,0,0,0,0,0,0,0,0,0,0,0,24,2,0,0,0,0,0,0,0,0,0,100
b51811e284b3d961328a4de55e0974e540c9ab55,0,0,0,0,0,0,0,0,0,0,0,0,0,0,381,0,0,0,0,0,0,0,0,0,0,100
52167bfe91502512bf3fc6c808c72b502450109d,0,0,0,0,0,0,0,0,0,0,0,0,0,0,382,1,0,0,0,0,0,0,0,0,0,100
38a4eefb0cee0cc15cbc10fac3aaa70b00390ebf,0,0,0,0,0,0,0,0,0,0,0,0,0,0,383,2,0,0,0,0,0,0,0,0,0,100
7bad60af9c57f864a394a0c9c1e657cfded257be,0,0,0,0,0,0,0,0,0,0,0,0,0,0,384,3,0,0,0,0,0,0,0,0,0,100
36d06d5a9a8b240c77dcd68871326eccd059d2ff,0,0,0,0,0,0,0,0,0,0,0,0,0,0,385,4,0,0,0,0,0,0,0,0,0,100
f153671c0717ea451abaf568033522d829ed7d3b,0,0,0,0,0,0,0,0,0,0,0,0,0,0,386,5,0,0,0,0,0,0,0,0,0,100
aa513ed6fb3b6b2c24e4116f22181e5e61d5cf9f,0,0,0,0,0,0,0,0,0,0,0,0,0,0,387,6,0,0,0,0,0,0,0,0,0,100
0c2992aefe032ad67407a9d0fb39048606dd00de,0,0,0,0,0,0,0,0,0,0,0,0,0,0,388,7,0,0,0,0,0,0,0,0,0,100
f7efd4f9f26d1cc0b9744abed1a0bc97fbac4f73,0,0,0,0,0,0,0,0,0,0,0,0,0,0,389,8,0,0,0,0,0,0,0,0,0,100
05ae9f1b098ab92f8f51f957f52c9a94275bbeb8,1,4,4,0,0,0,0,2,2,174,1,1,0,15,3,0,4,4,0,74,74,0,4,4,0,100
90bb115e46d719709c61787dfaf852d8f7aa1640,1,11,8,3,0,0,0,2,2,174,1,1,0,112,4,1,28,28,0,617,603,14,22,22,0,100
1e71c6aa5b5f2233dc8dc7133a06349733831c27,0,0,0,0,0,0,0,0,0,0,0,0,0,0,5,2,0,0,0,0,0,0,0,0,0,100
a499379c67711e53a9fd5cdcf69c1a4bc6271c0e,0,0,0,0,0,0,0,0,0,0,0,0,0,0,6,3,0,0,0,0,0,0,0,0,0,100
097e87efc6b5a0d33bec72ac217a8d3f0333196f,0,0,0,0,0,0,0,0,0,0,0,0,0,0,390,9,0,0,0,0,0,0,0,0,0,100
0102cdeb642d19e000ad6b08f88c0b142d9a67f5,0,0,0,0,0,0,0,0,0,0,0,0,0,0,391,10,0,0,0,0,0,0,0,0,0,100
e713b191251eda8730768bd696d6b57b4d29af1b,0,0,0,0,0,0,0,0,0,0,0,0,0,0,392,11,0,0,0,0,0,0,0,0,0,100
6a9ccb86eacaea2ba5f64676e75a3380dc64a206,0,0,0,0,0,0,0,0,0,0,0,0,0,0,393,12,0,0,0,0,0,0,0,0,0,100
daf7914248b2851c2df1f0bba211cc0a14f04dcc,0,0,0,0,0,0,0,0,0,0,0,0,0,0,394,13,0,0,0,0,0,0,0,0,0,100
11f900695c5873c0b729750a86282a851a7c23d6,0,0,0,0,0,0,0,0,0,0,0,0,0,0,395,14,0,0,0,0,0,0,0,0,0,100
afc5f50e20780b68103185b2063b5584c83e834e,0,0,0,0,0,0,0,0,0,0,0,0,0,0,396,15,0,0,0,0,0,0,0,0,0,100
1f1a8a5a01efd6c6c625a405c68e5dbe6d7564c5,0,0,0,0,0,0,0,0,0,0,0,0,0,0,397,16,0,0,0,0,0,0,0,0,0,100
9e407a46fa5891046f0e1d54507ec9d502dff59e,0,0,0,0,0,0,0,0,0,0,0,0,0,0,398,17,0,0,0,0,0,0,0,0,0,100
2d32de25eaaa39a9d6f2282bc902f8865e5362ed,0,0,0,0,0,0,0,0,0,0,0,0,0,0,399,18,0,0,0,0,0,0,0,0,0,100
0f80d346b22c2df0e0da71646a91ff1109214bd6,0,0,0,0,0,0,0,0,0,0,0,0,0,0,400,19,0,0,0,0,0,0,0,0,0,100
861e4c358066524b34e40b5b3b2dff0d8a24327b,0,0,0,0,0,0,0,0,0,0,0,0,0,0,401,20,0,0,0,0,0,0,0,0,0,100
2b284508f34c2dee3e11bf0f1c78ac5587f394f6,0,0,0,0,0,0,0,0,0,0,0,0,0,0,402,21,0,0,0,0,0,0,0,0,0,100
9f0729f81a4513b46b938a42b71668a2e6402b66,0,0,0,0,0,0,0,0,0,0,0,0,0,0,403,22,0,0,0,0,0,0,0,0,0,100
30f6b817a80224fce26dec1f6ba4e9863344d42a,0,0,0,0,0,0,0,0,0,0,0,0,0,0,404,23,0,0,0,0,0,0,0,0,0,100
5ad1c48e2acf0a127d2e5901db432d44a6674adc,0,0,0,0,0,0,0,0,0,0,0,0,0,0,48,0,0,0,0,0,0,0,0,0,0,100
840438ee3f90e00f8506a3640bcbf35309c8f3bc,1,10,0,10,0,0,0,2,2,212,1,1,0,118,25,0,35,33,2,533,504,29,35,33,2,100
53244e5ac8b720cdfd8f3b9c6aa35db928d05116,0,0,0,0,0,0,0,0,0,0,0,0,0,0,26,1,0,0,0,0,0,0,0,0,0,100
c27a8292b586e0b3eeb7573df4ecf9df73bf7324,0,0,0,0,0,0,0,0,0,0,0,0,0,0,27,2,0,0,0,0,0,0,0,0,0,100
159ffe010720a7f2fb48b1356d0c1ec793f60804,0,0,0,0,0,0,0,0,0,0,0,0,0,0,28,3,0,0,0,0,0,0,0,0,0,100
c98d8a6e6bf4e342d0e6dda37d7ce24ebe885d6f,1,28,0,28,1,0,1,1,1,0,1,1,0,0,29,4,0,0,0,24,0,24,0,0,0,99.76744186
ec80837787225d2a5e072e35f96bebed94720273,1,31,0,31,1,0,1,1,1,0,1,1,0,0,30,5,1,0,1,63,0,63,1,0,1,99.53757225
691a0296dcdb2b0285d98f0564b2e6e4fda504d9,1,7,0,7,0,0,0,2,2,212,1,1,0,64,31,6,7,5,2,710,646,64,1,1,0,100
dc29b462fed826749d0511ece4dd33054911bbe6,0,0,0,0,0,0,0,0,0,0,0,0,0,0,405,19,0,0,0,0,0,0,0,0,0,100
9975ce7ff6ab34a6505c5fc0d7f033d5513b79e3,0,0,0,0,0,0,0,0,0,0,0,0,0,0,406,20,0,0,0,0,0,0,0,0,0,100
dd1cc40621040217777980dacc8b60af90d65be2,0,0,0,0,0,0,0,0,0,0,0,0,0,0,407,21,0,0,0,0,0,0,0,0,0,100
83c1184537f2fd77b294fc055e182bb33b5b5fdb,0,0,0,0,0,0,0,0,0,0,0,0,0,0,408,22,0,0,0,0,0,0,0,0,0,100
bdcc763725d025b93cc419da771d4fee47b6c7ea,0,0,0,0,0,0,0,0,0,0,0,0,0,0,409,23,0,0,0,0,0,0,0,0,0,100
1645074d8a32e441af40bc3a872279a867c76fdb,0,0,0,0,0,0,0,0,0,0,0,0,0,0,410,24,0,0,0,0,0,0,0,0,0,100
eaef74ca294d4c0086a022102bf24954ec7bc28d,0,0,0,0,0,0,0,0,0,0,0,0,0,0,411,25,0,0,0,0,0,0,0,0,0,100
ecc537c797a6de4701a9074d7948f5b994d3e5be,0,0,0,0,0,0,0,0,0,0,0,0,0,0,412,26,0,0,0,0,0,0,0,0,0,100
81045364ea4154dc9fdfee9a507a8ae24581c0d0,0,0,0,0,0,0,0,0,0,0,0,0,0,0,7,0,0,0,0,0,0,0,0,0,0,100
e78bef3e5136cd05adb8e46f7a5ecbe6db3c0542,10,0,0,0,0,0,0,1,1,0,1,4,0,668,413,23,112,120,8,5109,2040,3069,65,120,55,91.625
a6913e1fdb4f99c4505d2180feb467a930a3f721,0,0,0,0,0,0,0,0,0,0,0,0,0,0,414,24,0,0,0,0,0,0,0,0,0,100
095f5c16981e84e0053ecfa06299d3e1ef0410f5,1,56,0,56,1,0,1,1,1,0,1,1,0,0,32,7,3,0,3,119,0,119,3,0,3,99.72752044
ebacec4c4b9a7e23a085742887b497c392984c2b,1,56,0,56,1,0,1,1,1,0,1,1,0,0,33,8,3,0,3,119,0,119,3,0,3,99.72899729
226f19542c92eda6d1b008a4337b6e8bb8de54c5,1,0,56,56,0,0,0,1,2,0,1,1,0,30,34,9,0,3,3,0,119,119,0,3,3,99.72899729
c0a8ab6d3bfd27c03b8ed1913f1c51eb80a1e8b7,1,0,0,0,0,0,0,1,1,0,1,1,0,30,35,10,3,3,0,119,119,0,3,3,0,99.45652174
761f0a0147e352b575f30f4ff787f03541d265df,2,25,2,23,0,0,0,2,2,24,1,2,0.876716289,195,36,11,46,42,4,1343,1243,100,40,36,4,97.29364005
3350436074319cedcb137bad0722fe45983e78df,2,29,0,29,0,0,0,2,3,12,1,2,0.893571102,204,37,12,52,48,4,1246,1126,120,44,41,3,97.27891156
50ab889ef9e0bcc76c76ebeda63b2391146aa373,5,19,6,13,0,0,0,2,4,15,1,3,2.101901189,464,38,13,88,86,2,3283,3204,79,55,53,2,100
0111a97a5b895ea69e740373587407f04a1856b4,5,159,18,141,1,0,1,1,4,98,2,5,1.291655347,419,39,14,87,81,6,3332,2985,347,54,48,6,99.59349593
8152eac8f6671d3ec49c7338df6913215afff383,2,6,6,0,0,0,0,2,5,20,1,1,0.918295834,152,40,8,18,18,0,1378,1378,0,4,4,0,100
ee1f0070ac2cd3bf86b3e8fb3f073c34f928f756,1,59,0,59,1,0,1,1,1,0,1,1,0,0,41,1,0,0,0,149,0,149,0,0,0,99.73333333
cb3f9885a1ed8eb8067c241260dadd61383e707a,20,1123,575,548,7,0,7,2,2,195,1,6,2.586086402,1320,8,0,280,230,50,12274,11042,1232,144,98,46,95.60155239
5237f41f0204ae0c64d3404777105824e69a63c5,0,0,0,0,0,0,0,0,0,0,0,0,0,0,415,0,0,0,0,0,0,0,0,0,0,100
7a2b425af74a20819de81bc92e8d2e814c8a9900,6,102,0,102,0,0,0,2,2,6,1,3,2.584962501,422,416,1,44,44,0,2965,2965,0,37,37,0,100
c9ee6d09f4f0540c863416ffa66b01c357d1cdee,0,0,0,0,0,0,0,0,0,0,0,0,0,0,417,2,0,0,0,0,0,0,0,0,0,100
3f2c68ab9c80ee22ec61eabf182098775ce8e757,0,0,0,0,0,0,0,0,0,0,0,0,0,0,418,3,0,0,0,0,0,0,0,0,0,100
ba49b2c2cc71b25d774e99798391856b2eb40050,0,0,0,0,0,0,0,0,0,0,0,0,0,0,419,4,0,0,0,0,0,0,0,0,0,100
4aea6d2ac5b3794e61db761597ee6d8d42282b15,0,0,0,0,0,0,0,0,0,0,0,0,0,0,420,5,0,0,0,0,0,0,0,0,0,100
2c04517f4fa05164e81d28342d3349b8c9c9f8f9,1,27,29,2,0,0,0,2,2,65,1,1,0,30,421,6,3,3,0,119,119,0,3,3,0,100
01d19778afc8fc9bc969b129e434db45aff7918b,1,7,0,7,0,0,0,2,3,0,1,1,0,30,422,7,4,3,1,125,119,6,4,3,1,100
9e4ffee444ddacd0996bfcc067734ddec99d9677,1,13,3,10,0,0,0,2,4,0,1,1,0,32,423,8,4,4,0,141,125,16,4,4,0,100
8d7440d20eb23c7ca00c06d20e76fe5fb613d136,0,0,0,0,0,0,0,0,0,0,0,0,0,0,424,9,0,0,0,0,0,0,0,0,0,100
c77e7170b99319e46ce1588169d7102c79d1dfab,1,2,3,1,0,0,0,2,5,0,1,1,0,34,425,10,4,4,0,141,141,0,4,4,0,100
32de7e70785cb2ab098ad7e2ba15571ded55a661,0,0,0,0,0,0,0,0,0,0,0,0,0,0,426,11,0,0,0,0,0,0,0,0,0,100
34f384e28c08833144b2d564d8ab95e2eb64bcf3,0,0,0,0,0,0,0,0,0,0,0,0,0,0,427,12,0,0,0,0,0,0,0,0,0,100
a08fe5ac59aa6ce5ffda4759e4c11a1353bb0f73,0,0,0,0,0,0,0,0,0,0,0,0,0,0,428,13,0,0,0,0,0,0,0,0,0,100
6068dc055257fe145ec5b667244a3e9ae8554240,0,0,0,0,0,0,0,0,0,0,0,0,0,0,429,14,0,0,0,0,0,0,0,0,0,100
5707cb6e942a6b07dd97134543f0d54da94dd6f5,5,755,93,662,3,0,3,1,6,3,1,1,2.126285904,73,430,15,56,4,52,1731,290,1441,43,4,39,98.50560399
6809e8a2d92b920658184f3fd63aa4a8480d9ca9,0,0,0,0,0,0,0,0,0,0,0,0,0,0,431,16,0,0,0,0,0,0,0,0,0,100
8bf4c98bca59922ceda081aee4993fba2bdf2a38,2,11,11,0,0,0,0,2,6,21,2,2,0.994030211,219,42,1,34,34,0,1567,1541,26,13,13,0,100
d5be8cdaf6e4524b2b16a549973465a64b85ec74,3,58,11,47,1,0,1,1,4,45,2,3,1.506729285,98,43,2,10,8,2,949,815,134,4,2,2,99.26380368
71225bd9eecafb41783f0d52ee0244335b5c89a1,1,0,28,28,0,0,0,1,2,95,1,1,0,20,44,3,0,0,0,0,24,24,0,0,0,99.75490196
cccfabf1f014d832055c779ad58b9e60292f28f8,0,0,0,0,0,0,0,0,0,0,0,0,0,0,45,4,0,0,0,0,0,0,0,0,0,100
f73d8ffe8da8bc2efbc82e2c2f6d20ac062d79b0,0,0,0,0,0,0,0,0,0,0,0,0,0,0,46,5,0,0,0,0,0,0,0,0,0,100
e29aef2bb0f801ed38e03cc59f33ff8a724b0725,0,0,0,0,0,0,0,0,0,0,0,0,0,0,47,6,0,0,0,0,0,0,0,0,0,100
ab840ff0ea85e750d76ec3348ecd8d1270b3b6a3,2,34,4,30,0,0,0,2,3,0,1,1,0.297472249,256,432,17,45,41,4,1418,1353,65,31,28,3,100
2bf8f2cd5b2fda462921cff46f227cb94923d4e6,3,48,20,28,0,0,0,1,5,21,2,3,1.342039835,266,48,7,58,53,5,1716,1576,140,49,47,2,100
17c2d334938e46713e535f2e25374e862013b6a6,1,52,0,52,1,0,1,1,1,0,1,1,0,0,49,8,3,0,3,206,0,206,3,0,3,99.75490196
f35d9956b11dc43cc4f2752979659d7d48f6e93a,1,38,0,38,1,0,1,1,1,0,1,1,0,0,50,9,1,0,1,150,0,150,1,0,1,99.3909866
3a135402cffd3953ee81966d0870ec75dafcd7c4,1,1,1,0,0,0,0,2,2,327,1,1,0,74,9,1,14,13,1,577,573,4,3,3,0,100
e3123c5b0cfdc8b7b176e7090dd90f86a7329598,6,311,49,262,2,0,2,1,2,216,1,2,1.907921894,372,10,2,53,32,21,4426,2841,1585,23,17,6,95.33255543
168fa117847a6ca655d095d38dab3af4d6626649,1,7,3,4,0,0,0,2,3,0,1,1,0,84,11,3,8,8,0,711,625,86,6,6,0,100
ab293ad8487c6460c2d05d52f85671fed47310b8,1,1,1,0,0,0,0,2,2,329,1,1,0,65,51,10,4,4,0,558,558,0,1,1,0,100
3fd3f126911e5fb4ac72952adc89863178714346,1,2,1,1,0,0,0,2,2,24,1,1,0,74,52,10,10,10,0,263,254,9,10,10,0,100
1da25c1239adc61340e2f76bde40f2de3f7dca5b,1,0,1,1,0,0,0,2,3,0,1,1,0,75,53,11,10,10,0,254,263,9,10,10,0,100
5ccbf689e00cd71d0173d79068c3dd0fd68e9506,0,0,0,0,0,0,0,0,0,0,0,0,0,0,433,18,0,0,0,0,0,0,0,0,0,100
660f56ccf0d1ab1439bbea7d04cf561736038ba3,1,5,9,4,0,0,0,2,3,33,1,1,0,363,434,19,112,113,1,2659,2666,7,29,29,0,100
021660aed6760ddc3063b9893bb5ade8e8f5e667,0,0,0,0,0,0,0,0,0,0,0,0,0,0,54,0,0,0,0,0,0,0,0,0,0,100
54dd61574dd60f7b8d4799fbe5598ecf7705f03f,0,0,0,0,0,0,0,0,0,0,0,0,0,0,55,1,0,0,0,0,0,0,0,0,0,100
ad268ca7fd7c5682b4c59c5028f10bee03093ee9,0,0,0,0,0,0,0,0,0,0,0,0,0,0,435,0,0,0,0,0,0,0,0,0,0,100
a3a30cde150e0e8f1ed51eba5ff7ba539de8c752,0,0,0,0,0,0,0,0,0,0,0,0,0,0,436,1,0,0,0,0,0,0,0,0,0,100
abf90f7deb37b40bd4ed8d08dea25c662fbc319e,0,0,0,0,0,0,0,0,0,0,0,0,0,0,437,2,0,0,0,0,0,0,0,0,0,100
bde223a460f00476599f306040fce314d50bc5b0,0,0,0,0,0,0,0,0,0,0,0,0,0,0,438,3,0,0,0,0,0,0,0,0,0,100
8b634446bd5ff4d3f552eda2330a4cb857b95c1b,0,0,0,0,0,0,0,0,0,0,0,0,0,0,439,4,0,0,0,0,0,0,0,0,0,100
c138f56313fa00e8fd7c9014d4a3b5c6e1154910,0,0,0,0,0,0,0,0,0,0,0,0,0,0,440,5,0,0,0,0,0,0,0,0,0,100
c59a00b282e035f2d6a5b8b486139af81513ce5a,0,0,0,0,0,0,0,0,0,0,0,0,0,0,56,2,0,0,0,0,0,0,0,0,0,100
e2496527f65646c7119b3230deb403103105ef81,0,0,0,0,0,0,0,0,0,0,0,0,0,0,57,3,0,0,0,0,0,0,0,0,0,100
87b701e091fc613fb3c16e3e229356230809f087,0,0,0,0,0,0,0,0,0,0,0,0,0,0,58,0,0,0,0,0,0,0,0,0,0,100
d9f5c8f185e8b06505a230d961c2263e73066768,0,0,0,0,0,0,0,0,0,0,0,0,0,0,59,0,0,0,0,0,0,0,0,0,0,100
3c2dff76efbb52cb9f1961d2a63a23b6f3bc7762,6,351,56,295,1,0,1,2,4,319,1,2,2.177107226,430,441,0,104,63,41,3285,2002,1283,61,49,12,99.55156951
9971b4ea0e75ea1e88c9df8f9b3ca1faf4c9be8b,0,0,0,0,0,0,0,0,0,0,0,0,0,0,442,1,0,0,0,0,0,0,0,0,0,100
44dfa34ff2d4fbfaf74ddd4a6df0359592c1938b,1,21,0,21,1,0,1,1,1,0,1,1,0,0,443,2,0,0,0,11,0,11,0,0,0,99.77678571
91da7581d4649afafac14e487b8572f9fa10895a,10,573,450,123,7,0,7,1,5,0,1,4,2.760569273,362,444,3,60,61,1,2459,2197,262,22,23,1,97.68467475
cbeb8f380d1d4a7690d6d303adeb17c66b5c38ea,2,11,11,0,0,0,0,2,4,385,1,2,0.994030211,77,445,4,7,7,0,374,364,10,4,4,0,99.12854031
bed7f2a0a2405ba3ae8b9d6c009d5b2fbe514a39,3,43,40,3,0,0,0,2,5,131,1,3,1.150625579,97,446,5,7,7,0,396,396,0,4,4,0,100
f3e1f3a3f757b763097871dc4801e3915d603990,1,3,2,1,0,0,0,2,4,0,1,1,0,34,447,6,1,1,0,166,155,11,1,1,0,100
cfd6a416f02d000de5641eb17ab4d779a43dfb58,3,38,30,8,0,0,0,1,7,262,2,2,1.402081403,272,448,7,38,38,0,2236,2189,47,12,12,0,100
c363aed1c89823502619509b9a4f537efd1f9191,2,11,25,14,0,0,0,2,8,229,1,1,0.710676854,134,449,8,13,13,0,1212,1212,0,4,4,0,100
e1bb72e4e40dd362815ea011c9cd394b5e879491,0,0,0,0,0,0,0,0,0,0,0,0,0,0,450,9,0,0,0,0,0,0,0,0,0,100
be0359dd72ca5af9adb42de208a844caa20e99e9,0,0,0,0,0,0,0,0,0,0,0,0,0,0,451,10,0,0,0,0,0,0,0,0,0,100
622b772cc21999bacb7b45dec1240affdb9c2f1b,15,1194,0,1194,15,0,15,1,1,0,1,4,3.226941132,0,452,11,96,0,96,3435,0,3435,57,0,57,96.4360587
d4159d42913f6a758fff0c65238b8bf2316db66e,1,3,0,3,0,0,0,1,3,2,1,1,0,53,453,12,9,8,1,263,248,15,4,4,0,100
2e54539093d354032eb6ffe7fcfa0ab293c2c632,0,0,0,0,0,0,0,0,0,0,0,0,0,0,454,13,0,0,0,0,0,0,0,0,0,100
f141780946d04ab6ee6267dc612b138b40e2186c,0,0,0,0,0,0,0,0,0,0,0,0,0,0,455,14,0,0,0,0,0,0,0,0,0,100
001b0708ed7ee1fd1ad8ceb95cc7f62e6c3975c3,1,0,132,132,0,0,0,1,2,0,1,1,0,174,456,15,15,29,14,405,737,332,13,25,12,100
352adf2e6f55f12f10e57e822cd6b4d4f0407d83,1,0,1,1,0,0,0,1,3,0,1,1,0,100,457,16,15,15,0,398,405,7,13,13,0,100
465d88563a3d62cbcc1cfe59bb13f0cd9033c3f8,4,138,6,132,3,0,3,1,2,0,1,2,1.706908425,143,458,17,33,24,9,984,656,328,29,20,9,98.0671414
f1214c7c306c120c585a653c9ba627ccc68bdd19,4,2,38,36,0,0,0,1,2,0,1,2,1.092184942,88,459,18,2,3,1,85,134,49,2,3,1,99.79508197
17fd5428d6ffb3253b54969c12caf70d8e2066bb,4,22,15,7,0,0,0,1,3,0,1,3,1.694637085,245,460,19,31,30,1,1019,964,55,26,26,0,100
d32fbb6131f8ad9519e021867495592011777ece,2,2,2,0,0,0,0,1,3,0,1,2,1,45,461,20,2,2,0,71,71,0,2,2,0,100
b94fd7b04840d293fdfb67f530ef9d174bd56115,3,18,6,12,0,0,0,1,5,4,1,1,0.816689088,179,462,21,26,24,2,757,697,60,19,19,0,100
d06c56b6a58653f520c3d88fc05541f9f407262b,1,14,7,7,0,0,0,1,5,0,1,1,0,67,463,22,12,11,1,328,323,5,4,4,0,100
9453a06f8e3e1f5b81996d37d30651f578079250,1,24,0,24,0,0,0,1,4,0,1,1,0,141,464,23,30,24,6,762,628,134,20,19,1,100
c8eddfa50808d06a637c01b616280828f3bb6a13,1,10,0,10,0,0,0,1,3,2,1,1,0,57,465,24,5,4,1,297,245,52,5,4,1,100
81371d354e5cafcbbbb20fde1e0c02fcef3934cf,1,6,0,6,0,0,0,1,5,2,1,1,0,161,466,25,32,30,2,792,762,30,20,20,0,100
013729a93c5ac974c4c3ff8ffdd57e84e32f14c3,0,0,0,0,0,0,0,0,0,0,0,0,0,0,467,26,0,0,0,0,0,0,0,0,0,100
a7a49bc5d112add28b6303d1020918edf31356d1,0,0,0,0,0,0,0,0,0,0,0,0,0,0,60,1,0,0,0,0,0,0,0,0,0,100
e0e5c38c3e7a7a580fec8a803dfeed3918882cc1,0,0,0,0,0,0,0,0,0,0,0,0,0,0,61,2,0,0,0,0,0,0,0,0,0,100
0f422c3137b8826df87f815c6512ea21eb88307d,0,0,0,0,0,0,0,0,0,0,0,0,0,0,62,3,0,0,0,0,0,0,0,0,0,100
e19bfc93bf98cbab2c65c1aa6ee5284722e03bb9,0,0,0,0,0,0,0,0,0,0,0,0,0,0,468,27,0,0,0,0,0,0,0,0,0,100
afa0bc1e8567c688d6899793a1b26b10f03cb681,0,0,0,0,0,0,0,0,0,0,0,0,0,0,469,28,0,0,0,0,0,0,0,0,0,100
ed4dbb24425841f8b76a94719eb91799e9b00c2e,0,0,0,0,0,0,0,0,0,0,0,0,0,0,470,29,0,0,0,0,0,0,0,0,0,100
b74da212e3b021504b24347d39397476a6d01a94,0,0,0,0,0,0,0,0,0,0,0,0,0,0,471,30,0,0,0,0,0,0,0,0,0,100
7b1f90838f922bc570718f9d9187c0fa45524f7d,0,0,0,0,0,0,0,0,0,0,0,0,0,0,472,31,0,0,0,0,0,0,0,0,0,100
7974fb8b27608c3bc68e82e17c361826870d0d95,0,0,0,0,0,0,0,0,0,0,0,0,0,0,473,32,0,0,0,0,0,0,0,0,0,100
31d05aec805751da894778384865c5a66f5efed5,1,1,1,0,0,0,0,1,2,477,1,1,0,83,63,4,4,4,0,192,192,0,4,4,0,100
333478c7d9775647ad50eac6d68691046a08b925,0,0,0,0,0,0,0,0,0,0,0,0,0,0,474,33,0,0,0,0,0,0,0,0,0,100
40957981f84d302d9c6231b4ea5143c2baab9b2d,2,2,2,0,0,0,0,1,2,21,2,2,1,239,475,34,50,50,0,1659,1651,8,7,7,0,100
cf19988c2cdb91132d440ad5bc7f6b80188ad704,1,18,13,5,0,0,0,1,6,18,1,1,0,167,476,35,33,32,1,821,792,29,21,20,1,100
cd47200239c466b0f2f492b87ae27c492447bb4e,1,3,3,0,0,0,0,2,3,568,1,1,0,115,12,0,28,28,0,616,617,1,22,22,0,100
31ec1f31a124ab9acdf47be7172487ee745a94f3,1,14,15,1,0,0,0,2,3,537,1,1,0,55,64,0,2,2,0,543,543,0,1,1,0,100
abba9ab09bbf5d703297bb7f1dcb5850bab6cb81,6,287,216,71,0,0,0,1,3,112,2,3,2.017565369,515,477,0,98,87,11,3431,3224,207,25,22,3,100
36fa9a8ee803422c131ecaea3912850c66eb0b3f,0,0,0,0,0,0,0,0,0,0,0,0,0,0,478,1,0,0,0,0,0,0,0,0,0,100
c8d6d4b91c8e213e238db1dd0bdaf0badd822b36,30,822,672,150,14,0,14,1,9,33,4,8,4.35818119,1425,479,2,195,206,11,7740,7638,102,107,100,7,92.75653924
b5b58abba529108bfea6c71ac20bfb6ba8a776c6,0,0,0,0,0,0,0,0,0,0,0,0,0,0,480,3,0,0,0,0,0,0,0,0,0,100
019b8b23e30d49dedcbed4d36a6387fc157bf396,0,0,0,0,0,0,0,0,0,0,0,0,0,0,481,4,0,0,0,0,0,0,0,0,0,100
2e3fca10109b22d56251c6dbb1e17dc24be6c773,11,217,118,99,0,0,0,1,3,817,1,11,2.352945076,527,482,5,93,72,21,4314,4179,135,49,49,0,100
39f602caf27d28f76ff005c013527def15bb3ada,0,0,0,0,0,0,0,0,0,0,0,0,0,0,483,6,0,0,0,0,0,0,0,0,0,100
b9e8afc95463ff8036961ee468ee2a390bfdbfb4,0,0,0,0,0,0,0,0,0,0,0,0,0,0,65,0,0,0,0,0,0,0,0,0,0,100
45154267eead371b30ea4f538a4113ac8381af3a,0,0,0,0,0,0,0,0,0,0,0,0,0,0,66,1,0,0,0,0,0,0,0,0,0,100
1d5c3b5ad4a941c9f1c3788718ba431a363dc7fc,0,0,0,0,0,0,0,0,0,0,0,0,0,0,67,2,0,0,0,0,0,0,0,0,0,100
79e40b3f2067f57970204b03a29b3d505db7f4ce,1,16,6,10,0,0,0,2,2,156,1,1,0,29,68,3,3,2,1,160,115,45,3,2,1,100
c34ed8251661aab12c37332a6af6eef4a7fbfb27,5,69,11,58,1,0,1,1,8,171,1,4,1.851746695,281,69,4,39,36,3,1553,1284,269,29,26,3,97.53694581
6c12a6964d7dd2b56588fbeb1f693605eee8746a,1,0,36,36,0,0,0,2,3,276,1,1,0,31,70,5,0,3,3,0,91,91,0,3,3,99.80276134
784a843c5eaab9e14ade70ebfcf3966ffc48d750,3,187,0,187,3,0,3,1,1,0,1,2,1.519255499,0,71,6,11,0,11,956,0,956,9,0,9,97.74288518
175ae0862f9268278e37d78fd2da33daa5443574,1,20,7,13,0,0,0,2,2,156,1,1,0,58,72,7,7,7,0,301,309,8,1,1,0,100
cf501d3a1ba1e0ff735434b86fd5ddafb7f780c0,1,1,1,0,0,0,0,2,3,158,1,1,0,33,73,8,1,1,0,160,160,0,1,1,0,100
e6a370f90b01a62b1b94ba1d8ee155613fb1d8dd,3,5,6,1,0,0,0,2,5,156,2,3,1.572623664,106,74,9,4,4,0,390,405,15,3,3,0,100
dc6325781bd05362e0834c15e513c9faeace3d99,3,6,6,0,0,0,0,2,5,156,1,2,1.459147917,107,75,10,2,2,0,361,369,8,2,2,0,100
6579a1c2f8343f48cbfd709e643c52c65633c7c8,1,82,0,82,1,0,1,1,1,0,1,1,0,0,76,0,4,0,4,595,0,595,4,0,4,99.80544747
70ca793ab4172deaa958e349e2636583bdefa634,1,0,82,82,0,0,0,1,2,56,1,1,0,70,77,1,0,4,4,0,593,593,0,4,4,99.80544747
2fa9b7c7a692d25ece44c657727882d7fc4d09a6,0,0,0,0,0,0,0,0,0,0,0,0,0,0,484,0,0,0,0,0,0,0,0,0,0,100
9aef4419091339c22bba1c245b43d3a03083180f,0,0,0,0,0,0,0,0,0,0,0,0,0,0,485,1,0,0,0,0,0,0,0,0,0,100
e3c5a516c3cc4ffeb04ee72e2ee9258bae299d71,0,0,0,0,0,0,0,0,0,0,0,0,0,0,486,2,0,0,0,0,0,0,0,0,0,100
05c831cf52d5a066eab862bc9b55090883e49fe6,0,0,0,0,0,0,0,0,0,0,0,0,0,0,487,3,0,0,0,0,0,0,0,0,0,100
46ab5481c98ecf396dfe43f0dece7d071ad2806c,0,0,0,0,0,0,0,0,0,0,0,0,0,0,488,4,0,0,0,0,0,0,0,0,0,100
532f5c11c9f75ec6a5fe98bdf2ce49c21a38098e,0,0,0,0,0,0,0,0,0,0,0,0,0,0,489,5,0,0,0,0,0,0,0,0,0,100
68f07341c104b3ffc2bbb8430b4e7da51970c8ea,0,0,0,0,0,0,0,0,0,0,0,0,0,0,490,6,0,0,0,0,0,0,0,0,0,100
5a5a1479f72479e059f109842e4f9c32dc23d851,0,0,0,0,0,0,0,0,0,0,0,0,0,0,491,7,0,0,0,0,0,0,0,0,0,100
d5e5273904b973ae9c2f8d723ea7b20ae863cf4c,0,0,0,0,0,0,0,0,0,0,0,0,0,0,492,8,0,0,0,0,0,0,0,0,0,100
ab07bf7e64e9f0bba97d54953af111576b109840,0,0,0,0,0,0,0,0,0,0,0,0,0,0,493,9,0,0,0,0,0,0,0,0,0,100
fda2aed6376659a1dde45953f06cb44948bb3be8,0,0,0,0,0,0,0,0,0,0,0,0,0,0,494,10,0,0,0,0,0,0,0,0,0,100
978fe374bbed9544ed44d83c81332531ff01b134,0,0,0,0,0,0,0,0,0,0,0,0,0,0,495,11,0,0,0,0,0,0,0,0,0,100
26c17cee0510ed5dcb91ea9b9def37813abb54bc,0,0,0,0,0,0,0,0,0,0,0,0,0,0,496,12,0,0,0,0,0,0,0,0,0,100
f872ea9291ec3533007fef1196b2eb86375e23ab,0,0,0,0,0,0,0,0,0,0,0,0,0,0,497,13,0,0,0,0,0,0,0,0,0,100
d923a181006d2d5d13242f76954c14e6e2317e08,0,0,0,0,0,0,0,0,0,0,0,0,0,0,498,14,0,0,0,0,0,0,0,0,0,100
247959ec5da0b3ada178799235660c395c603cef,0,0,0,0,0,0,0,0,0,0,0,0,0,0,499,15,0,0,0,0,0,0,0,0,0,100
77f841501226e708d12f7f1d56afd3eb33a24943,0,0,0,0,0,0,0,0,0,0,0,0,0,0,500,16,0,0,0,0,0,0,0,0,0,100
a8a76da9d7ddc21a167334e3892f8b7ddd8ca7a4,0,0,0,0,0,0,0,0,0,0,0,0,0,0,501,17,0,0,0,0,0,0,0,0,0,100
c652b53f94d1f47d40564e2c960261c4c970f579,0,0,0,0,0,0,0,0,0,0,0,0,0,0,502,18,0,0,0,0,0,0,0,0,0,100
06cf96165bdf399068f07f4cdecea4614b9d2c4d,0,0,0,0,0,0,0,0,0,0,0,0,0,0,503,19,0,0,0,0,0,0,0,0,0,100
58b859804c795f995852bccf2f2966a85bf2b434,0,0,0,0,0,0,0,0,0,0,0,0,0,0,504,20,0,0,0,0,0,0,0,0,0,100
9d7653794c424fa19285b10687eb027b835f5560,0,0,0,0,0,0,0,0,0,0,0,0,0,0,505,21,0,0,0,0,0,0,0,0,0,100
6dd380d0822eb55c7656d381b48bb05f49dc9e14,1,14,15,1,0,0,0,2,2,135,1,1,0,11,506,22,2,2,0,71,71,0,2,2,0,100
baa0a26bc036bcc69281238cce8239365e0a1b8c,0,0,0,0,0,0,0,0,0,0,0,0,0,0,507,23,0,0,0,0,0,0,0,0,0,100
112dcc5bc1b3631cfaf68f940082f4d20a555483,0,0,0,0,0,0,0,0,0,0,0,0,0,0,508,24,0,0,0,0,0,0,0,0,0,100
54dd935d70ffc2b5e9b03a59c424f92dbe5788a5,0,0,0,0,0,0,0,0,0,0,0,0,0,0,509,0,0,0,0,0,0,0,0,0,0,100
16dcc07dcad04c854b102008d8393da391b4d3b9,0,0,0,0,0,0,0,0,0,0,0,0,0,0,510,1,0,0,0,0,0,0,0,0,0,100
38937d5482263798d509f58123a65bf1f2b7a0b8,0,0,0,0,0,0,0,0,0,0,0,0,0,0,511,2,0,0,0,0,0,0,0,0,0,100
335bdc967661e915dbbd4161c631748629605008,0,0,0,0,0,0,0,0,0,0,0,0,0,0,512,3,0,0,0,0,0,0,0,0,0,100
6b3e821cf794d5451f54ceb89ff9d1d36a0f41e6,0,0,0,0,0,0,0,0,0,0,0,0,0,0,513,4,0,0,0,0,0,0,0,0,0,100
94b578eab4b66194c44a3b078e7c5c1414fd713d,0,0,0,0,0,0,0,0,0,0,0,0,0,0,514,5,0,0,0,0,0,0,0,0,0,100
f20857b5900953b508b49b29dbfbe6996beb85b2,0,0,0,0,0,0,0,0,0,0,0,0,0,0,515,6,0,0,0,0,0,0,0,0,0,100
51d9c0a400bd6e7eab9d50db3c6a4706a78b8b9d,0,0,0,0,0,0,0,0,0,0,0,0,0,0,516,7,0,0,0,0,0,0,0,0,0,100
5fcc7dd84b70f1e911445f205a3f8b97efd31908,0,0,0,0,0,0,0,0,0,0,0,0,0,0,517,8,0,0,0,0,0,0,0,0,0,100
425b98809e22d78264217c7d3a3b5ad3da4abc35,0,0,0,0,0,0,0,0,0,0,0,0,0,0,518,9,0,0,0,0,0,0,0,0,0,100
7ee324f8f2ebd14087ce21563f3626e2917b5700,0,0,0,0,0,0,0,0,0,0,0,0,0,0,519,10,0,0,0,0,0,0,0,0,0,100
0b3950d4290225413f8dcb538167761ebbe91fa1,0,0,0,0,0,0,0,0,0,0,0,0,0,0,520,11,0,0,0,0,0,0,0,0,0,100
e2f7061e9a594a408c9e7ae9708be3a587cf7701,0,0,0,0,0,0,0,0,0,0,0,0,0,0,521,12,0,0,0,0,0,0,0,0,0,100
10b57dd4b745638301a92c07e62b690e082ad090,0,0,0,0,0,0,0,0,0,0,0,0,0,0,522,13,0,0,0,0,0,0,0,0,0,100
a0ee19a93e95c4982da7ce1903329de13e7437da,3,45,83,38,0,0,0,2,4,721,1,3,1.078731138,528,13,0,141,141,0,3643,3739,96,58,58,0,99.51124145
16197b7602617dc199073c32c2742347fffab23b,0,0,0,0,0,0,0,0,0,0,0,0,0,0,523,14,0,0,0,0,0,0,0,0,0,100
8973f10d250dfdbc48d9f6654069e346cae493c3,0,0,0,0,0,0,0,0,0,0,0,0,0,0,524,15,0,0,0,0,0,0,0,0,0,100
990b87c41f8fd757418d5ccf2222e50f2201e917,0,0,0,0,0,0,0,0,0,0,0,0,0,0,525,16,0,0,0,0,0,0,0,0,0,100
5b7a0046f2780597cfe8815d99ec9557dc90c0b5,0,0,0,0,0,0,0,0,0,0,0,0,0,0,526,17,0,0,0,0,0,0,0,0,0,100
cc79690dc1e880741aaf0f093c553a75dc479b47,1,4,0,4,0,0,0,2,3,305,1,1,0,33,78,0,4,3,1,181,160,21,4,3,1,100
3505c77475565390df6113bb82f9e53e7dfc935f,4,210,0,210,4,0,4,1,1,0,1,2,1.679515402,0,79,1,18,0,18,680,0,680,10,0,10,97.78846154
e5707da5cdf1c240be61e9cbf29f79a1d50c714c,1,158,0,158,1,0,1,1,1,0,1,1,0,0,80,2,4,0,4,2980,0,2980,4,0,4,99.62335217
7951f07139be4c2bdff3f60c0664ae43f02ac6ac,1,157,20,137,0,0,0,1,2,2,1,1,0,134,81,3,6,4,2,6049,2980,3069,6,4,2,100
9ab7011b9a0184ac1cae12fa8e3383caa4c8388b,0,0,0,0,0,0,0,0,0,0,0,0,0,0,82,4,0,0,0,0,0,0,0,0,0,100
a695a3f166555ea8de0bb372c486082f85a2735d,0,0,0,0,0,0,0,0,0,0,0,0,0,0,83,5,0,0,0,0,0,0,0,0,0,100
688899088939ca4ae714f17713759fbc9a46c76c,0,0,0,0,0,0,0,0,0,0,0,0,0,0,84,6,0,0,0,0,0,0,0,0,0,100
f40f9ee4f832a849ef1e16316d3b56fe3ace2884,1,4,10,6,0,0,0,2,4,188,1,1,0,36,85,0,4,4,0,200,181,19,4,4,0,100
b1f7fc0b08573cc9c1c80d194ad3a8debe1c7210,2,18,1,17,0,0,0,2,5,332,1,2,0.485460761,518,527,0,143,141,2,3711,3643,68,58,58,0,100
f9562c73cd4dcef7fcf7131ab15fd8e55e69cc39,4,84,76,8,0,0,0,2,3,392,1,2,1.205190053,477,528,1,30,29,1,7424,7424,0,20,19,1,100
ca1de9ec403b9f4cc2b0d549e4597498d1ca1c93,0,0,0,0,0,0,0,0,0,0,0,0,0,0,529,2,0,0,0,0,0,0,0,0,0,100
f9aec9ac1f22c4edd072c32c73b118d6aeb3e594,0,0,0,0,0,0,0,0,0,0,0,0,0,0,530,3,0,0,0,0,0,0,0,0,0,100
d093ec052140138fe67b2d262ce24d2cdc72290a,0,0,0,0,0,0,0,0,0,0,0,0,0,0,531,4,0,0,0,0,0,0,0,0,0,100
6b5f44661d3dd1f4fa1070091cc609c13d258125,0,0,0,0,0,0,0,0,0,0,0,0,0,0,532,5,0,0,0,0,0,0,0,0,0,100
acd6c2cc7a4ee86acd3712a2c76fa319b7bd8887,0,0,0,0,0,0,0,0,0,0,0,0,0,0,533,6,0,0,0,0,0,0,0,0,0,100
e63699651d00456776aa7fb1730ed40e220286f8,0,0,0,0,0,0,0,0,0,0,0,0,0,0,534,7,0,0,0,0,0,0,0,0,0,100
afe2864619f978c0f0fd37232191d02a85e1253e,0,0,0,0,0,0,0,0,0,0,0,0,0,0,535,8,0,0,0,0,0,0,0,0,0,100
1a6bbe8cc64bbc163b055084b2bd7fc8b6ee41d7,1,1,0,1,0,0,0,2,2,1781,1,1,0,15,14,0,2,2,0,74,69,5,2,2,0,100
f0ec1dcd3b5eea64ae59419fb2278e43f7d7f00a,7,176,13,163,0,0,0,2,7,996,1,3,2.514589496,443,536,0,77,55,22,2865,1949,916,51,42,9,100
558bcf0be0b8b27a997fde5958a0dd705aa4f8a2,0,0,0,0,0,0,0,0,0,0,0,0,0,0,86,0,0,0,0,0,0,0,0,0,0,100
f763aa38ecc659754dea18e7f428708067ddacb9,0,0,0,0,0,0,0,0,0,0,0,0,0,0,87,1,0,0,0,0,0,0,0,0,0,100
c99b87d0ad7c25cadae30920db1a0719613e6951,2,2,2,0,0,0,0,2,5,178,1,1,1,165,537,0,10,10,0,926,926,0,10,10,0,100
28443ee7e7a701dd271ce490a505613929427003,2,17,7,10,0,0,0,1,8,178,1,2,0.738284866,165,538,1,36,34,2,999,931,68,17,16,1,100
41d8a28b45f0a77e7ae7dd6e4fc73494d8dc4c29,1,0,1,1,0,0,0,2,6,0,1,1,0,93,539,2,3,3,0,493,502,9,3,3,0,100
f10663be71ca33a6da353f9ca1b9d5006b4bd0a9,1,3,3,0,0,0,0,1,3,1204,1,1,0,21,540,3,1,1,0,123,122,1,1,1,0,100
b30abc3b81556ed034876b7ccd3c0255646b7b4f,0,0,0,0,0,0,0,0,0,0,0,0,0,0,541,0,0,0,0,0,0,0,0,0,0,100
413d14890b278da41c6ee0b7afc5f62fadfeebf8,0,0,0,0,0,0,0,0,0,0,0,0,0,0,542,0,0,0,0,0,0,0,0,0,0,100
0e2c9e787fa8b973848c738afbdba31755561611,0,0,0,0,0,0,0,0,0,0,0,0,0,0,543,1,0,0,0,0,0,0,0,0,0,100
6ece0406cd6089c99107d401caf484aa23d2f446,0,0,0,0,0,0,0,0,0,0,0,0,0,0,88,0,0,0,0,0,0,0,0,0,0,100
49d3d3944695db58b376b52833f82424434af5df,0,0,0,0,0,0,0,0,0,0,0,0,0,0,544,0,0,0,0,0,0,0,0,0,0,100
a58625d4d3864d76a368855c438aa00d0e9733f8,1,2,1,1,0,0,0,3,3,1103,1,1,0,16,89,1,2,2,0,79,74,5,2,2,0,100
94d2f7747b4a7cf0ebdc3ff20d4b7bdb3679a8ff,1,0,2,2,0,0,0,3,3,2583,1,1,0,25,90,2,2,2,0,259,287,28,2,2,0,99.2481203
da5b04199b6bdec6c97d9997aec6a2d60d524136,1,2,0,2,0,0,0,2,2,2884,1,1,0,46,91,3,0,0,0,355,347,8,0,0,0,100
d520b52128bcd7a8ba2bae6e02bee7ee50019151,3,101,0,101,3,0,3,1,1,0,1,1,1.48579755,0,92,4,4,0,4,279,0,279,4,0,4,96.88679245
ebe39419ae513cddc420d3e6f13c351239918ec5,0,0,0,0,0,0,0,0,0,0,0,0,0,0,93,5,0,0,0,0,0,0,0,0,0,100
c4e350ef5d4f2e197afb4d6bfba5d4e727c5ea49,0,0,0,0,0,0,0,0,0,0,0,0,0,0,545,1,0,0,0,0,0,0,0,0,0,100
d1f9de795fb14bf159e42fc584cd3bb0e362f8bf,0,0,0,0,0,0,0,0,0,0,0,0,0,0,546,2,0,0,0,0,0,0,0,0,0,100
b1fe921e606021ae549aa856dbac67cccb5a7a63,0,0,0,0,0,0,0,0,0,0,0,0,0,0,547,3,0,0,0,0,0,0,0,0,0,100
b981fe57d26181ad31025318041aba620bb9ccbc,0,0,0,0,0,0,0,0,0,0,0,0,0,0,94,6,0,0,0,0,0,0,0,0,0,100
ee3c1732e05cf1d552d94e4b12e034949fd7f284,0,0,0,0,0,0,0,0,0,0,0,0,0,0,95,7,0,0,0,0,0,0,0,0,0,100
623c04b5030c6764af1cb934e9041e09ce30a212,0,0,0,0,0,0,0,0,0,0,0,0,0,0,96,8,0,0,0,0,0,0,0,0,0,100
d14a77afcb2d728f45c1d4598db37a2d845a0648,0,0,0,0,0,0,0,0,0,0,0,0,0,0,97,9,0,0,0,0,0,0,0,0,0,100
f7158093ce88b16a056265263cf3407e378db292,0,0,0,0,0,0,0,0,0,0,0,0,0,0,98,10,0,0,0,0,0,0,0,0,0,100
769f79655759900a38972521cbe9bb08ac1abb0c,0,0,0,0,0,0,0,0,0,0,0,0,0,0,99,11,0,0,0,0,0,0,0,0,0,100
da75e6b016ef72ae6363250864de1a059f7dfb42,0,0,0,0,0,0,0,0,0,0,0,0,0,0,100,12,0,0,0,0,0,0,0,0,0,100
89186dc48720eb15804791f1dd0c9ef2ff6e2f8b,0,0,0,0,0,0,0,0,0,0,0,0,0,0,101,13,0,0,0,0,0,0,0,0,0,100
47422a592ee84358bad68a7ca564c05eae06cfd3,1,21,0,21,1,0,1,1,1,0,1,1,0,0,102,0,0,0,0,11,0,11,0,0,0,99.81096408
5f673698e3430f07160cd3264319b08af4e1a5d3,2,6,3,3,0,0,0,2,3,1916,1,2,0.764204507,75,103,1,5,5,0,347,332,15,3,3,0,99.81132075
a3385f3f73fcfd53fba3a8cb31ce8d32327d8265,0,0,0,0,0,0,0,0,0,0,0,0,0,0,0,0,0,0,0,0,0,0,0,0,0,100
811f8e8debbbc1cec116853a9b8fcdc00bcf605e,0,0,0,0,0,0,0,0,0,0,0,0,0,0,1,1,0,0,0,0,0,0,0,0,0,100
0b6e162ca53ffb04a9e337209a943cf6e8f86390,0,0,0,0,0,0,0,0,0,0,0,0,0,0,2,2,0,0,0,0,0,0,0,0,0,100
fb8c4fc50571822a531704609753db89e8407371,0,0,0,0,0,0,0,0,0,0,0,0,0,0,3,3,0,0,0,0,0,0,0,0,0,100
3bb3f372a94a0b35c8f57584af61b9f7deb3a23c,0,0,0,0,0,0,0,0,0,0,0,0,0,0,4,4,0,0,0,0,0,0,0,0,0,100
398c7f9870eb9dff96001d73e27dfa448212f4c6,3,7,7,0,0,0,0,2,4,608,1,2,1.378783493,170,104,2,20,20,0,835,835,0,10,10,0,99.62264151
02c7130d1d97b939194397917747920985bc3372,4,295,0,295,4,0,4,1,1,0,1,2,1.558018943,0,105,3,13,0,13,509,0,509,13,0,13,99.25093633
d2571358b9e78a692e4e8cbfd6f34456c8489598,3,62,1,61,2,0,2,1,1,0,1,1,1.102426119,31,106,4,1,0,1,326,114,212,1,0,1,97.95918367
a31ee290d879e6da906e05648e7f7c132336ff49,2,244,1,243,1,0,1,1,2,0,1,2,0.721928095,19,107,5,32,0,32,910,18,892,19,0,19,98.15498155
5b478f3279daf41b3643b92221d4e951e7c9b9ad,2,77,0,77,2,0,2,1,1,0,1,1,0.998904744,0,108,6,4,0,4,212,0,212,4,0,4,98.26166514
19e128dd0a1334a7a755d4e03d069ab44a197fcd,4,94,0,94,4,0,4,1,1,0,1,1,1.997000866,0,109,7,0,0,0,71,0,71,0,0,0,99.18699187
637781aaf6989e09d9e223cb2c2db88eb819d24d,3,92,0,92,3,0,3,1,1,0,1,1,1.583762668,0,110,8,0,0,0,125,0,125,0,0,0,99.37666963
5e7a0a236d54e84234124cb27c9727f17dd9beb2,0,0,0,0,0,0,0,0,0,0,0,0,0,0,5,5,0,0,0,0,0,0,0,0,0,100
0005c175cb5bcd5389a606eeadb181eaa7002fb4,0,0,0,0,0,0,0,0,0,0,0,0,0,0,6,6,0,0,0,0,0,0,0,0,0,100
48a801d1f44fffee46e5039c896e0a7467811114,2,82,36,46,0,0,0,3,6,1822,1,2,0.830811102,535,7,7,145,143,2,3868,3711,157,66,58,8,100
ac38c8d75d1873392e0e930a50c21332a5e208cd,6,135,44,91,1,0,1,1,3,2750,1,4,2.300826271,260,15,0,53,44,9,2534,1847,687,27,20,7,97.97178131
06feb9edc7a3ad182348fb6faf469e78df756adf,0,0,0,0,0,0,0,0,0,0,0,0,0,0,16,1,0,0,0,0,0,0,0,0,0,100
47533dd83eff394c028f12f1be5db28e80928028,5,22,6,16,0,0,0,2,3,2526,1,4,1.856103445,185,17,2,37,34,3,1519,1423,96,25,22,3,100
df4542d9ad1730cb8d21f4f016ff9892af34e237,1,1,1,0,0,0,0,2,3,0,1,1,0,68,18,3,15,15,0,555,564,9,5,5,0,100
6c934b534788b47d0197d2145b1b012efc2244d6,4,29,3,26,1,0,1,1,4,841,1,3,1.186278124,126,19,4,25,22,3,1212,1076,136,13,11,2,99.8245614
d931b428fdc7d3392ea180885de6d339890ecfa1,5,134,85,49,0,0,0,1,2,6,1,3,1.7474373,218,111,8,38,21,17,1165,736,429,24,21,3,98.1530343
aa0d87bad150403e7876bec6b9263c98770cfd39,1,1,1,0,0,0,0,1,2,5,1,1,0,20,112,9,0,0,0,32,32,0,0,0,0,100
ce6167dcf7070b71c3da14f376352c2927056b22,1,2,2,0,0,0,0,1,3,2,1,1,0,21,113,10,0,0,0,60,60,0,0,0,0,100
8bd94ce2dfaf24489f52dd6dd7f31f82b7e135da,2,3,5,2,0,0,0,1,3,2,1,2,1,225,114,11,38,38,0,1100,1105,5,24,24,0,100
1a0643b328c035b8864b5b0eaeaa03bcd9edbc27,1,41,0,41,1,0,1,1,3,3,1,1,0,0,115,12,3,0,3,136,0,136,3,0,3,98.85864794
e83c88f084355ddb784ce9afc728d0987e0706e7,0,0,0,0,0,0,0,0,0,0,0,0,0,0,8,8,0,0,0,0,0,0,0,0,0,100
668453449c2f7de95ab6cad72042468bbe463917,0,0,0,0,0,0,0,0,0,0,0,0,0,0,9,9,0,0,0,0,0,0,0,0,0,100
77bd487160294621e7e8ae65003aade894199b7e,0,0,0,0,0,0,0,0,0,0,0,0,0,0,10,10,0,0,0,0,0,0,0,0,0,100
1095c5bd89c139d268baf46fd0d44a23fa176dc9,0,0,0,0,0,0,0,0,0,0,0,0,0,0,11,11,0,0,0,0,0,0,0,0,0,100
4d0bfe59dc7884602c45909c6623ed95630f6794,0,0,0,0,0,0,0,0,0,0,0,0,0,0,12,12,0,0,0,0,0,0,0,0,0,100
2a0a19d5c35ae939c63b2672b990bde8a141f4ee,4,87,43,44,1,0,1,1,4,3,1,2,1.391846778,245,116,12,41,38,3,1273,1160,113,27,24,3,98.85260371
58bea2c11f2a037c8b0641f35a725b5e969efc57,1,23,0,23,1,0,1,1,1,0,1,1,0,0,117,13,0,0,0,18,0,18,0,0,0,99.82174688
1b0753f09e89a9926c91ae7fb81004deea996432,1,2,1,1,0,0,0,1,5,0,1,1,0,202,118,14,38,38,0,1061,1043,18,24,24,0,100
9e853d18067e9495734153cbf2bccb5a88f74172,6,127,136,9,0,0,0,3,10,2785,1,1,2.383183187,381,13,13,34,33,1,3897,3756,141,9,8,1,98.4
36155ad40ffdc0286e709f49a8d3f972c7b13e59,1,1,1,0,0,0,0,1,4,14,1,1,0,35,119,15,3,3,0,141,136,5,3,3,0,100
bdd10e2f1e3cb66725a10a84c029f29a1daae39d,1,2,5,3,0,0,0,1,5,0,1,1,0,35,120,16,3,3,0,112,141,29,3,3,0,100
396cafc29fab3f611b343ea279e07c40b42d5ba8,5,75,46,29,0,0,0,3,11,627,1,2,1.731183303,423,14,9,57,54,3,3973,3807,166,16,13,3,100
793714753f368a87f62fce6b5e52bb8e30f2b869,3,15,0,15,1,0,1,1,3,859,1,2,1.230959563,96,20,5,21,19,2,573,500,73,19,17,2,99.64570416
ea97a198ce62e561731060b06e6de7622970f41e,11,86,52,34,0,0,0,2,4,2667,1,7,2.808013537,639,21,6,100,94,6,4964,4789,175,71,65,6,96.79098005
59ee35337f3957748878c34650ecae0ab4593460,1,11,5,6,0,0,0,2,3,0,1,1,0,37,22,7,10,10,0,273,257,16,9,9,0,100
380cdce8ffb027afe723935a3ee9c6aab8fe5263,0,0,0,0,0,0,0,0,0,0,0,0,0,0,15,10,0,0,0,0,0,0,0,0,0,100
bebe70a21a90c7fe7f98845c48a97addc2265571,6,216,18,198,1,0,1,2,4,12,1,4,2.086314016,308,23,8,72,52,20,3177,2264,913,38,26,12,99.82993197
e6b738739d9a1ac48993f36d7bb7d814475a7f88,1,29,29,0,0,0,0,2,2,3388,1,1,0,98,24,9,17,17,0,743,743,0,7,7,0,100
88732d523c00f27a47b2a0b72bdcb6f69c88a94e,1,117,23,94,0,0,0,3,6,24,1,1,0,196,25,10,36,36,0,1959,1183,776,36,36,0,100
9a0386b2080950a3e175661ec706de12da1cc1f9,1,0,21,21,0,0,0,3,7,24,1,1,0,376,26,11,103,109,6,2573,2685,112,28,30,2,100
296f5099f1d81e2c68fbd1d92988815b2f87afdc,10,109,221,112,0,0,0,3,5,3289,2,4,3.083939955,919,16,11,76,75,1,6289,6614,325,50,48,2,100
a986b8df8ea8c6a67704ae2cfa9c230c2dca3a07,0,0,0,0,0,0,0,0,0,0,0,0,0,0,121,17,0,0,0,0,0,0,0,0,0,100
4a75dce5a98b94e077e0f02abc6830bbaf4027ca,1,0,7,7,0,1,1,2,2,3392,1,1,0,7,17,12,0,0,0,33,38,5,0,0,0,100
6e95312f9f43b6af75132eb5070c0c0242aded6c,0,0,0,0,0,0,0,0,0,0,0,0,0,0,18,13,0,0,0,0,0,0,0,0,0,100
5810a2454129ed8d1996dca9cd4387e6ca3747a3,3,63,26,37,0,0,0,3,12,3,1,2,0.957715914,321,19,14,56,50,6,2938,2733,205,18,13,5,100
28e2276fcab55a3e4606eef70967cd41ca79cf7d,2,46,9,37,0,0,0,1,6,13,1,2,0.994030211,52,122,16,6,3,3,343,130,213,5,3,2,97.06129303
41e129c7199ac631e5dd9f0d14942d6fda25835a,3,148,4,144,2,0,2,1,7,8,1,2,1.130764723,46,123,17,14,5,9,754,195,559,7,4,3,99.17627677
14a181734037219800277321cc158c82a01427a6,1,1,1,0,0,0,0,1,6,17,1,1,0,203,124,18,38,38,0,1061,1061,0,24,24,0,100
c11613e8eeeeb256c7d239ccfbbf721d1d7d0720,1,34,21,13,0,0,0,3,5,82,1,1,0,78,20,0,17,14,3,694,620,74,4,3,1,100
c01289ce92a8784386e73c7e52565538547f757c,0,0,0,0,0,0,0,0,0,0,0,0,0,0,548,0,0,0,0,0,0,0,0,0,0,100
9ed0e188c9e6f0e6237caf4457a35ee1a4b57f20,0,0,0,0,0,0,0,0,0,0,0,0,0,0,549,1,0,0,0,0,0,0,0,0,0,100
5ad421775a66ea3781d47b5ba2a9e33d63b8aef6,0,0,0,0,0,0,0,0,0,0,0,0,0,0,550,2,0,0,0,0,0,0,0,0,0,100
d51e4abff96b427de15acbca099a14abd675ed84,2,32,2,30,0,0,0,2,2,166,1,2,0.997502546,25,551,3,3,3,0,173,186,13,2,2,0,100
f3f83ad90aafa43011a2a40885f23a56fc026a75,1,16,0,16,0,0,0,2,2,178,1,1,0,33,552,4,3,3,0,307,307,0,3,3,0,100
d7b4297278a2a8b669f6c2a0781eb7c285f57309,0,0,0,0,0,0,0,0,0,0,0,0,0,0,553,5,0,0,0,0,0,0,0,0,0,100
85a132c6e16058f25ddc95808bec54f13604a2bd,0,0,0,0,0,0,0,0,0,0,0,0,0,0,554,6,0,0,0,0,0,0,0,0,0,100
20689de4ad598ab8aba6c7cd92bb44e2e573b2e5,0,0,0,0,0,0,0,0,0,0,0,0,0,0,125,0,0,0,0,0,0,0,0,0,0,100
07e4429f1beb4f3591fdd9556f80053010da5be8,1,2,2,0,0,0,0,1,4,1688,1,1,0,73,555,0,17,17,0,507,515,8,5,5,0,100
101ff39fc4d84551d75ba3b9fb38aaf9d7caf251,0,0,0,0,0,0,0,0,0,0,0,0,0,0,21,0,0,0,0,0,0,0,0,0,0,100
77d3a60e6a373332e6d5b24a01f7530e90dc1cd6,0,0,0,0,0,0,0,0,0,0,0,0,0,0,22,1,0,0,0,0,0,0,0,0,0,100
cbc627a008b89e735a9c4501d19166e67408ddc2,3,23,21,2,0,0,0,3,7,1168,1,2,1.538221104,237,23,2,27,27,0,1432,1424,8,15,15,0,100
5d24a0dda6713135e0ec3e160d1a6e609290a017,1,238,0,238,1,0,1,1,1,0,1,1,0,0,126,0,3,0,3,5785,0,5785,3,0,3,99.0228013
db3383120e57221086c5ff689231444d2c281beb,3,31,7,24,0,0,0,1,9,1915,1,3,0.774243303,403,127,1,38,34,4,6867,6755,112,27,24,3,100
ec5d53b8e9f9d798079ab6014c8d5d24e86dc16d,2,58,1,57,1,0,1,1,3,1433,1,2,0.213579815,57,128,2,10,7,3,465,301,164,3,1,2,98.25870647
f080591de09bb14d215d9e12eb7cf7fb2a4b3376,0,0,0,0,0,0,0,0,0,0,0,0,0,0,556,0,0,0,0,0,0,0,0,0,0,100
eaf7d3620c7db3c7f21db630d1178f2799f74782,0,0,0,0,0,0,0,0,0,0,0,0,0,0,557,1,0,0,0,0,0,0,0,0,0,100
af16cb54ac6302e86211f6914ea42b0080a9d704,0,0,0,0,0,0,0,0,0,0,0,0,0,0,558,2,0,0,0,0,0,0,0,0,0,100
f9693f44cde18fbede0f7d162ab08fc0a1c57524,0,0,0,0,0,0,0,0,0,0,0,0,0,0,559,3,0,0,0,0,0,0,0,0,0,100
bd69a35df7cf8ed1eaac77765393b3f074b50158,0,0,0,0,0,0,0,0,0,0,0,0,0,0,560,4,0,0,0,0,0,0,0,0,0,100
9a082c94dbfce9fde3024ee6b30fb2ad7ffab645,0,0,0,0,0,0,0,0,0,0,0,0,0,0,561,5,0,0,0,0,0,0,0,0,0,100
c09d79fc81e22346abe91d5464667f61d8ae433f,0,0,0,0,0,0,0,0,0,0,0,0,0,0,24,0,0,0,0,0,0,0,0,0,0,100
22287d00b6ea63b551f0279942b1d4d7f4a8b30e,2,15,0,15,0,0,0,3,13,564,1,2,0.970950594,259,129,0,50,48,2,2092,1975,117,18,17,1,100
fda5a0fa5a16416a5f727c658fe3ecfe50fec10e,2,17,2,15,0,0,0,3,14,0,1,2,0.981940787,272,130,1,52,50,2,2209,2092,117,19,18,1,100
afa268414c8bb7fc3472364fb227a85565331a3b,0,0,0,0,0,0,0,0,0,0,0,0,0,0,562,0,0,0,0,0,0,0,0,0,0,100
1634a76b8f5f6ee30d2b3d139d481d2d3f7e7701,0,0,0,0,0,0,0,0,0,0,0,0,0,0,563,1,0,0,0,0,0,0,0,0,0,100
5a8c9491433de19d48905e91e2554a465d4a72ef,0,0,0,0,0,0,0,0,0,0,0,0,0,0,564,2,0,0,0,0,0,0,0,0,0,100
e398ff693a66748e639ae58aa1432d2597ab0e82,0,0,0,0,0,0,0,0,0,0,0,0,0,0,131,0,0,0,0,0,0,0,0,0,0,100
ffe18290a2e8744f17f83ea0dc42440e0e29b51a,0,0,0,0,0,0,0,0,0,0,0,0,0,0,132,1,0,0,0,0,0,0,0,0,0,100
ba23bc9f9d2642acbbfaaf807db663daf71a13f0,0,0,0,0,0,0,0,0,0,0,0,0,0,0,565,3,0,0,0,0,0,0,0,0,0,100
76fb9c00f244be7eacd178d94b445aaf6f9cb329,0,0,0,0,0,0,0,0,0,0,0,0,0,0,25,0,0,0,0,0,0,0,0,0,0,100
8542de34111d2fdef8e0b891eabe096bae5608c0,0,0,0,0,0,0,0,0,0,0,0,0,0,0,133,0,0,0,0,0,0,0,0,0,0,100
09ce2154c69f6952a948fea77623554296413caf,12,402,274,128,0,0,0,1,5,4117,2,10,2.749611295,713,566,0,137,101,36,5758,4938,820,41,37,4,100
37de1733ce8dd4b64dcf8866b2c6eb9bb15ec956,0,0,0,0,0,0,0,0,0,0,0,0,0,0,567,1,0,0,0,0,0,0,0,0,0,100
2d37dbaae654415187d1a08c8561fd4de72c5ee6,1,0,1,1,0,0,0,3,11,1805,1,1,0,92,134,1,8,8,0,957,963,6,1,1,0,100
205b9eae4b86785166dd279556f95ff46bf18fff,1,25,17,8,0,0,0,3,6,1727,1,1,0,88,568,2,18,17,1,731,694,37,5,4,1,100
b2d427c68264368c273ad7e5765a64852376285b,2,13,13,0,0,0,0,1,2,5198,1,1,0.619382195,160,569,3,27,27,0,1167,1141,26,8,8,0,100
abca6bd23ba9e448479199126a3a7436c58c9a8b,1,7,5,2,0,0,0,3,12,0,1,1,0,91,135,2,9,8,1,965,957,8,1,1,0,100
6b93bf80d92cade8826e75e4525e6a57ec41c71a,1,7,1,6,0,0,0,2,6,4494,1,1,0,43,136,3,7,6,1,229,219,10,3,3,0,100
800a2aaa83db383896a05511a472cb8585804a00,0,0,0,0,0,0,0,0,0,0,0,0,0,0,570,4,0,0,0,0,0,0,0,0,0,100
778c47e2ba3bdd34f06d76e14c9f50d930a941e7,1,0,1,1,0,0,0,2,3,0,1,1,0,91,137,4,18,18,0,446,446,0,4,4,0,100
a847c13a29e545524420bde68e186a8a1b913acf,0,0,0,0,0,0,0,0,0,0,0,0,0,0,26,0,0,0,0,0,0,0,0,0,0,100
